time,biomass,coal,imports,gas,nuclear,other,hydro,solar,wind
2025-10-31 23:30:00+00:00,5.9,0,2.3,9.4,13.6,0,0.0,0.0,68.6
2025-11-01 00:00:00+00:00,6.0,0,2.2,9.2,13.3,0,0.0,0.0,69.2
2025-11-01 00:30:00+00:00,5.8,0,2.5,9.1,13.1,0,0.0,0.0,69.5
2025-11-01 01:00:00+00:00,5.6,0,2.5,8.9,12.8,0,0.0,0.0,70.1
2025-11-01 01:30:00+00:00,5.5,0,2.3,8.9,12.9,0,0.0,0.0,70.5
2025-11-01 02:00:00+00:00,4.9,0,2.3,9.0,13.1,0,0.0,0.0,70.6
2025-11-01 02:30:00+00:00,4.5,0,2.1,9.1,13.2,0,0.0,0.0,71.0
2025-11-01 03:00:00+00:00,4.5,0,2.1,9.1,13.1,0,0.0,0.7,70.4
2025-11-01 03:30:00+00:00,4.7,0,1.2,9.5,13.6,0,0.0,0.0,71.0
2025-11-01 04:00:00+00:00,4.8,0,1.2,9.9,14.1,0,0.0,0.1,69.9
2025-11-01 04:30:00+00:00,4.8,0,1.3,9.6,14.1,0,0.0,0.0,70.1
2025-11-01 05:00:00+00:00,4.8,0,1.4,9.7,14.1,0,0.0,0.1,69.8
2025-11-01 05:30:00+00:00,4.8,0,4.5,9.6,14.0,0,0.0,0.0,67.1
2025-11-01 06:00:00+00:00,4.7,0,4.6,9.6,13.7,0,0.0,0.1,67.3
2025-11-01 06:30:00+00:00,4.5,0,5.2,10.3,13.2,0,0.0,0.0,66.8
2025-11-01 07:00:00+00:00,4.5,0,5.2,10.6,13.1,0,0.0,0.0,66.5
2025-11-01 07:30:00+00:00,3.5,0,8.3,9.4,12.8,0,0.0,1.3,64.7
2025-11-01 08:00:00+00:00,3.3,0,9.1,7.2,12.6,0,0.0,4.1,63.7
2025-11-01 08:30:00+00:00,3.3,0,7.1,5.1,12.6,0,0.0,7.1,64.6
2025-11-01 09:00:00+00:00,3.6,0,6.7,5.0,12.2,0,0.0,10.0,62.6
2025-11-01 09:30:00+00:00,4.0,0,1.9,6.3,11.8,0,0.0,12.3,63.7
2025-11-01 10:00:00+00:00,4.0,0,1.7,5.6,11.6,0,0.0,14.9,62.1
2025-11-01 10:30:00+00:00,4.0,0,0.4,6.0,11.5,0,0.0,16.6,61.5
2025-11-01 11:00:00+00:00,3.9,0,0.4,6.7,11.3,0,0.0,17.5,60.2
2025-11-01 11:30:00+00:00,3.8,0,1.4,7.0,11.1,0,0.0,17.6,59.0
2025-11-01 12:00:00+00:00,3.8,0,1.5,8.0,11.0,0,0.0,17.2,58.5
2025-11-01 12:30:00+00:00,3.7,0,2.5,9.3,10.9,0,0.0,15.5,58.1
2025-11-01 13:00:00+00:00,3.8,0,2.8,10.2,11.1,0,0.0,14.5,57.6
2025-11-01 13:30:00+00:00,3.9,0,4.7,10.7,11.3,0,0.0,12.0,57.4
2025-11-01 14:00:00+00:00,4.0,0,6.1,11.7,11.7,0,0.0,9.2,57.2
2025-11-01 14:30:00+00:00,4.4,0,10.4,12.7,12.1,0,0.0,6.3,54.1
2025-11-01 15:00:00+00:00,5.2,0,11.1,15.7,12.4,0,0.0,3.6,52.0
2025-11-01 15:30:00+00:00,6.0,0,14.1,17.1,12.2,0,0.0,1.7,48.9
2025-11-01 16:00:00+00:00,6.3,0,14.6,18.5,12.4,0,0.0,0.4,47.7
2025-11-01 16:30:00+00:00,6.4,0,15.9,19.7,12.4,0,0.0,0.4,45.2
2025-11-01 17:00:00+00:00,6.4,0,16.0,20.7,12.5,0,0.0,0.4,43.9
2025-11-01 17:30:00+00:00,6.4,0,15.9,21.0,12.5,0,0.0,0.0,44.2
2025-11-01 18:00:00+00:00,6.3,0,15.7,20.0,12.4,0,0.0,0.4,45.2
2025-11-01 18:30:00+00:00,6.3,0,15.8,18.7,12.4,0,0.0,0.0,46.9
2025-11-01 19:00:00+00:00,6.3,0,15.8,17.2,12.4,0,0.0,0.0,48.2
2025-11-01 19:30:00+00:00,6.4,0,15.1,16.1,12.6,0,0.0,0.0,49.9
2025-11-01 20:00:00+00:00,6.7,0,14.5,14.8,12.6,0,0.0,0.4,51.0
2025-11-01 20:30:00+00:00,8.0,0,10.8,16.3,13.3,0,0.0,0.0,51.6
2025-11-01 21:00:00+00:00,8.7,0,10.7,15.3,13.5,0,0.0,0.4,51.3
2025-11-01 21:30:00+00:00,9.1,0,9.6,15.4,14.1,0,0.0,0.0,51.9
2025-11-01 22:00:00+00:00,9.3,0,9.3,14.4,14.0,0,0.0,0.4,52.6
2025-11-01 22:30:00+00:00,9.4,0,9.2,12.5,13.8,0,0.0,0.0,55.0
2025-11-01 23:00:00+00:00,9.5,0,9.2,11.5,13.9,0,0.0,0.4,55.4
2025-11-01 23:30:00+00:00,9.8,0,9.2,10.9,14.4,0,0.0,0.0,55.5
2025-11-02 00:00:00+00:00,9.7,0,9.0,10.5,14.5,0,0.0,0.0,56.3
2025-11-02 00:30:00+00:00,9.8,0,8.7,10.8,15.1,0,0.1,0.0,55.5
2025-11-02 01:00:00+00:00,10.1,0,8.9,11.4,15.3,0,0.1,0.0,54.2
2025-11-02 01:30:00+00:00,10.2,0,9.7,11.6,15.5,0,0.0,0.0,53.0
2025-11-02 02:00:00+00:00,10.5,0,10.1,11.7,15.9,0,0.1,0.0,51.7
2025-11-02 02:30:00+00:00,10.8,0,10.2,12.1,16.3,0,0.1,0.0,50.6
2025-11-02 03:00:00+00:00,10.9,0,10.2,12.3,16.4,0,0.1,0.5,49.7
2025-11-02 03:30:00+00:00,10.8,0,9.1,12.4,16.7,0,0.1,0.0,50.9
2025-11-02 04:00:00+00:00,10.8,0,9.0,12.4,16.9,0,0.0,0.5,50.4
2025-11-02 04:30:00+00:00,10.8,0,9.0,12.4,17.1,0,0.0,0.0,50.7
2025-11-02 05:00:00+00:00,11.1,0,6.4,13.3,16.6,0,0.0,0.0,52.5
2025-11-02 05:30:00+00:00,10.2,0,7.1,14.0,16.8,0,0.0,0.0,51.9
2025-11-02 06:00:00+00:00,9.7,0,7.5,13.5,16.9,0,0.0,0.0,52.3
2025-11-02 06:30:00+00:00,10.1,0,7.6,14.6,16.5,0,0.0,0.0,51.1
2025-11-02 07:00:00+00:00,10.1,0,8.0,13.9,16.7,0,0.0,0.0,51.3
2025-11-02 07:30:00+00:00,9.0,0,10.4,15.0,14.5,0,0.0,1.2,49.8
2025-11-02 08:00:00+00:00,8.8,0,9.9,15.8,13.8,0,0.0,4.2,47.4
2025-11-02 08:30:00+00:00,8.5,0,8.5,14.7,13.3,0,0.0,8.3,46.6
2025-11-02 09:00:00+00:00,8.1,0,8.1,13.6,12.6,0,0.0,12.5,45.2
2025-11-02 09:30:00+00:00,7.7,0,7.8,11.8,11.9,0,0.0,16.4,44.4
2025-11-02 10:00:00+00:00,7.6,0,7.5,12.0,11.5,0,0.0,18.5,42.8
2025-11-02 10:30:00+00:00,7.4,0,6.7,12.0,11.2,0,0.0,20.4,42.2
2025-11-02 11:00:00+00:00,7.1,0,6.6,11.8,11.0,0,0.0,21.2,42.3
2025-11-02 11:30:00+00:00,7.0,0,7.8,11.9,10.8,0,0.0,20.4,42.2
2025-11-02 12:00:00+00:00,7.1,0,7.9,12.6,10.8,0,0.0,19.5,42.0
2025-11-02 12:30:00+00:00,7.4,0,6.7,14.1,10.9,0,0.0,18.5,42.4
2025-11-02 13:00:00+00:00,8.0,0,6.9,15.0,10.9,0,0.0,17.0,42.2
2025-11-02 13:30:00+00:00,7.7,0,9.1,15.6,10.9,0,0.0,14.7,42.1
2025-11-02 14:00:00+00:00,7.7,0,9.5,17.1,11.1,0,0.0,12.3,42.4
2025-11-02 14:30:00+00:00,7.8,0,11.1,18.6,11.1,0,0.0,9.4,41.8
2025-11-02 15:00:00+00:00,9.1,0,11.1,21.6,11.0,0,0.0,6.1,41.1
2025-11-02 15:30:00+00:00,9.3,0,11.6,24.8,11.2,0,0.0,2.8,40.3
2025-11-02 16:00:00+00:00,9.2,0,11.5,26.7,11.1,0,0.0,0.5,41.0
2025-11-02 16:30:00+00:00,8.9,0,13.3,25.7,10.7,0,0.0,0.5,40.9
2025-11-02 17:00:00+00:00,8.9,0,13.3,25.2,10.7,0,0.0,0.5,41.5
2025-11-02 17:30:00+00:00,9.0,0,12.5,25.0,10.8,0,0.0,0.0,42.7
2025-11-02 18:00:00+00:00,9.1,0,12.4,24.0,10.9,0,0.0,0.5,43.1
2025-11-02 18:30:00+00:00,9.3,0,10.2,24.6,11.1,0,0.0,0.0,44.8
2025-11-02 19:00:00+00:00,9.6,0,10.4,21.5,11.4,0,0.0,0.1,47.0
2025-11-02 19:30:00+00:00,10.0,0,11.4,18.0,11.9,0,0.0,0.0,48.6
2025-11-02 20:00:00+00:00,10.3,0,11.6,15.4,12.4,0,0.0,0.5,49.7
2025-11-02 20:30:00+00:00,10.3,0,8.4,14.7,12.5,0,0.0,0.0,54.1
2025-11-02 21:00:00+00:00,9.9,0,8.4,13.2,12.9,0,0.0,0.0,55.6
2025-11-02 21:30:00+00:00,10.1,0,6.9,12.2,13.2,0,0.0,0.0,57.5
2025-11-02 22:00:00+00:00,9.0,0,6.5,11.0,13.7,0,0.0,0.6,59.2
2025-11-02 22:30:00+00:00,7.5,0,6.0,11.3,14.1,0,0.0,0.0,61.1
2025-11-02 23:00:00+00:00,6.6,0,6.7,11.3,13.8,0,0.0,0.6,61.0
2025-11-02 23:30:00+00:00,6.1,0,6.7,11.8,13.9,0,0.0,0.0,61.5
2025-11-03 00:00:00+00:00,6.2,0,5.8,11.2,13.7,0,0.0,0.0,63.1
2025-11-03 00:30:00+00:00,6.5,0,5.8,11.1,13.5,0,0.0,0.0,63.0
2025-11-03 01:00:00+00:00,6.4,0,5.7,11.0,13.5,0,0.0,0.0,63.3
2025-11-03 01:30:00+00:00,6.5,0,4.5,11.0,13.5,0,0.0,0.0,64.4
2025-11-03 02:00:00+00:00,6.9,0,3.9,10.9,13.4,0,0.0,0.6,64.3
2025-11-03 02:30:00+00:00,6.9,0,2.7,10.9,13.5,0,0.0,0.0,65.8
2025-11-03 03:00:00+00:00,6.8,0,2.2,10.5,13.3,0,0.0,0.0,67.2
2025-11-03 03:30:00+00:00,6.8,0,1.5,10.5,13.2,0,0.0,0.0,68.1
2025-11-03 04:00:00+00:00,6.7,0,1.1,10.4,13.1,0,0.0,0.0,68.5
2025-11-03 04:30:00+00:00,6.7,0,0.8,10.4,13.1,0,0.0,0.0,69.0
2025-11-03 05:00:00+00:00,6.7,0,0.8,10.7,12.9,0,0.0,0.0,68.8
2025-11-03 05:30:00+00:00,6.3,0,3.2,12.2,12.4,0,0.0,0.0,65.8
2025-11-03 06:00:00+00:00,5.6,0,3.7,14.0,12.0,0,0.0,0.0,64.6
2025-11-03 06:30:00+00:00,5.0,0,3.3,15.1,11.8,0,0.0,0.0,64.7
2025-11-03 07:00:00+00:00,5.5,0,3.0,15.4,11.7,0,0.0,0.0,64.4
2025-11-03 07:30:00+00:00,5.4,0,5.8,14.3,11.3,0,0.0,0.3,62.8
2025-11-03 08:00:00+00:00,5.5,0,6.3,12.6,11.4,0,0.0,1.2,62.9
2025-11-03 08:30:00+00:00,5.2,0,9.0,12.2,11.0,0,0.0,2.2,60.4
2025-11-03 09:00:00+00:00,5.4,0,9.1,11.7,10.9,0,0.0,3.4,59.5
2025-11-03 09:30:00+00:00,5.3,0,9.6,10.7,10.9,0,0.0,4.7,58.8
2025-11-03 10:00:00+00:00,5.2,0,9.4,11.5,10.6,0,0.0,5.4,57.7
2025-11-03 10:30:00+00:00,5.2,0,9.5,11.3,10.6,0,0.0,6.3,57.1
2025-11-03 11:00:00+00:00,5.2,0,9.6,10.7,10.6,0,0.0,6.9,57.0
2025-11-03 11:30:00+00:00,5.2,0,9.1,11.1,10.5,0,0.0,7.1,56.9
2025-11-03 12:00:00+00:00,5.4,0,7.6,11.3,10.7,0,0.0,6.8,58.2
2025-11-03 12:30:00+00:00,5.5,0,7.3,12.6,10.7,0,0.0,6.0,58.0
2025-11-03 13:00:00+00:00,5.5,0,7.4,12.4,10.8,0,0.0,5.3,58.6
2025-11-03 13:30:00+00:00,5.5,0,7.7,12.5,10.9,0,0.0,4.2,59.1
2025-11-03 14:00:00+00:00,5.4,0,8.1,13.4,10.9,0,0.0,3.3,58.8
2025-11-03 14:30:00+00:00,5.6,0,7.2,13.5,11.2,0,0.0,2.6,59.9
2025-11-03 15:00:00+00:00,5.4,0,8.0,13.0,10.6,0,0.0,6.0,57.0
2025-11-03 15:30:00+00:00,5.4,0,8.1,13.4,10.4,0,0.0,5.9,56.7
2025-11-03 16:00:00+00:00,5.3,0,8.0,16.2,10.3,0,0.0,4.2,56.0
2025-11-03 16:30:00+00:00,5.3,0,8.2,18.1,10.4,0,0.0,1.7,56.2
2025-11-03 17:00:00+00:00,5.4,0,8.4,18.4,10.4,0,0.0,0.4,57.0
2025-11-03 17:30:00+00:00,5.3,0,8.4,18.2,10.4,0,0.0,0.0,57.6
2025-11-03 18:00:00+00:00,5.0,0,8.1,15.8,9.9,0,0.0,5.6,55.6
2025-11-03 18:30:00+00:00,5.4,0,8.0,15.8,10.8,0,0.0,0.0,59.9
2025-11-03 19:00:00+00:00,5.2,0,8.0,15.0,11.0,0,0.0,0.0,60.8
2025-11-03 19:30:00+00:00,4.7,0,6.1,16.7,11.0,0,0.0,0.0,61.5
2025-11-03 20:00:00+00:00,3.9,0,5.9,16.5,11.2,0,0.0,0.1,62.3
2025-11-03 20:30:00+00:00,4.0,0,3.3,17.4,11.5,0,0.0,0.0,63.8
2025-11-03 21:00:00+00:00,4.1,0,3.0,16.0,11.8,0,0.0,0.0,65.0
2025-11-03 21:30:00+00:00,4.2,0,0.5,16.2,12.1,0,0.0,0.0,67.0
2025-11-03 22:00:00+00:00,4.2,0,0.3,15.9,12.2,0,0.0,0.1,67.2
2025-11-03 22:30:00+00:00,4.3,0,0.0,14.2,12.6,0,0.0,0.0,68.8
2025-11-03 23:00:00+00:00,4.4,0,0.0,13.8,12.7,0,0.0,0.1,69.0
2025-11-03 23:30:00+00:00,4.4,0,0.0,13.8,12.8,0,0.0,0.0,68.9
2025-11-04 00:00:00+00:00,4.4,0,0.0,14.3,12.8,0,0.0,0.0,68.4
2025-11-04 00:30:00+00:00,4.4,0,0.0,14.9,12.8,0,0.0,0.0,67.9
2025-11-04 01:00:00+00:00,4.5,0,0.0,14.2,12.9,0,0.0,0.0,68.4
2025-11-04 01:30:00+00:00,4.5,0,0.0,13.6,13.2,0,0.0,0.0,68.7
2025-11-04 02:00:00+00:00,4.6,0,0.0,13.4,13.4,0,0.0,0.1,68.5
2025-11-04 02:30:00+00:00,4.7,0,0.0,12.8,13.7,0,0.0,0.0,68.7
2025-11-04 03:00:00+00:00,4.7,0,0.0,12.8,13.8,0,0.0,0.0,68.6
2025-11-04 03:30:00+00:00,4.7,0,0.0,12.8,13.8,0,0.0,0.0,68.6
2025-11-04 04:00:00+00:00,4.7,0,0.0,12.8,13.8,0,0.0,0.0,68.6
2025-11-04 04:30:00+00:00,4.8,0,0.0,13.0,13.9,0,0.0,0.0,68.4
2025-11-04 05:00:00+00:00,5.3,0,0.0,13.6,13.9,0,0.0,0.0,67.2
2025-11-04 05:30:00+00:00,6.1,0,3.6,14.4,13.3,0,0.0,0.0,62.5
2025-11-04 06:00:00+00:00,7.4,0,4.5,16.0,12.4,0,0.0,0.0,59.7
2025-11-04 06:30:00+00:00,8.8,0,6.9,14.9,12.0,0,0.0,0.0,57.4
2025-11-04 07:00:00+00:00,9.6,0,7.0,14.5,11.7,0,0.0,0.0,57.2
2025-11-04 07:30:00+00:00,9.6,0,9.7,12.0,11.5,0,0.0,0.6,56.5
2025-11-04 08:00:00+00:00,9.8,0,10.2,11.4,11.6,0,0.0,1.6,55.4
2025-11-04 08:30:00+00:00,8.8,0,13.9,10.6,11.2,0,0.0,2.7,52.8
2025-11-04 09:00:00+00:00,8.5,0,14.0,11.2,10.8,0,0.0,4.3,51.2
2025-11-04 09:30:00+00:00,9.1,0,13.9,10.8,10.5,0,0.0,5.7,49.9
2025-11-04 10:00:00+00:00,9.2,0,13.7,10.1,10.5,0,0.0,6.6,49.8
2025-11-04 10:30:00+00:00,9.4,0,12.5,9.6,11.0,0,0.0,7.7,49.8
2025-11-04 11:00:00+00:00,9.4,0,12.9,9.8,11.1,0,0.0,7.8,48.9
2025-11-04 11:30:00+00:00,9.5,0,12.8,10.7,11.2,0,0.0,7.7,48.2
2025-11-04 12:00:00+00:00,9.4,0,13.1,12.0,11.2,0,0.0,7.3,47.0
2025-11-04 12:30:00+00:00,8.9,0,13.3,13.7,11.0,0,0.0,7.6,45.5
2025-11-04 13:00:00+00:00,9.0,0,13.5,14.5,11.0,0,0.0,6.8,45.2
2025-11-04 13:30:00+00:00,9.3,0,12.2,16.6,11.2,0,0.0,5.9,44.9
2025-11-04 14:00:00+00:00,9.5,0,12.3,18.3,11.3,0,0.0,3.9,44.6
2025-11-04 14:30:00+00:00,9.5,0,11.4,21.6,11.4,0,0.0,2.6,43.4
2025-11-04 15:00:00+00:00,9.5,0,11.4,23.6,11.3,0,0.0,1.5,42.6
2025-11-04 15:30:00+00:00,9.3,0,11.1,25.1,11.2,0,0.0,0.6,42.7
2025-11-04 16:00:00+00:00,9.1,0,10.9,25.4,10.9,0,0.0,0.1,43.7
2025-11-04 16:30:00+00:00,9.0,0,12.2,25.2,10.7,0,0.0,0.1,42.9
2025-11-04 17:00:00+00:00,8.9,0,12.3,25.1,10.5,0,0.0,0.1,43.0
2025-11-04 17:30:00+00:00,8.9,0,12.4,24.8,10.5,0,0.0,0.0,43.4
2025-11-04 18:00:00+00:00,8.9,0,11.9,24.0,10.6,0,0.0,0.1,44.5
2025-11-04 18:30:00+00:00,9.2,0,12.2,22.7,10.8,0,0.0,0.0,45.1
2025-11-04 19:00:00+00:00,9.3,0,13.7,21.4,10.9,0,0.0,0.1,44.7
2025-11-04 19:30:00+00:00,9.5,0,13.8,21.3,11.2,0,0.0,0.0,44.2
2025-11-04 20:00:00+00:00,9.9,0,14.4,19.2,11.6,0,0.0,0.1,44.7
2025-11-04 20:30:00+00:00,10.5,0,15.9,15.2,12.4,0,0.0,0.0,46.0
2025-11-04 21:00:00+00:00,10.9,0,16.5,12.6,12.9,0,0.0,0.0,47.1
2025-11-04 21:30:00+00:00,11.4,0,16.7,11.0,13.5,0,0.0,0.0,47.4
2025-11-04 22:00:00+00:00,11.5,0,17.0,9.9,13.7,0,0.0,0.0,47.9
2025-11-04 22:30:00+00:00,9.8,0,17.1,9.4,14.1,0,0.0,0.0,49.5
2025-11-04 23:00:00+00:00,8.4,0,17.4,9.6,14.4,0,0.0,0.1,50.1
2025-11-04 23:30:00+00:00,8.7,0,16.3,9.9,14.8,0,0.0,0.0,50.3
2025-11-05 00:00:00+00:00,9.7,0,16.3,9.9,14.8,0,0.0,0.0,49.2
2025-11-05 00:30:00+00:00,9.4,0,16.3,9.9,15.0,0,0.0,0.0,49.4
2025-11-05 01:00:00+00:00,9.0,0,16.5,10.1,15.2,0,0.0,0.0,49.1
2025-11-05 01:30:00+00:00,9.9,0,15.1,10.3,15.4,0,0.0,0.0,49.3
2025-11-05 02:00:00+00:00,8.8,0,15.5,10.5,15.8,0,0.0,0.1,49.2
2025-11-05 02:30:00+00:00,8.6,0,13.6,10.8,16.3,0,0.0,0.0,50.7
2025-11-05 03:00:00+00:00,8.6,0,13.5,10.9,16.3,0,0.0,0.0,50.5
2025-11-05 03:30:00+00:00,8.8,0,12.4,11.0,16.4,0,0.0,0.0,51.3
2025-11-05 04:00:00+00:00,9.3,0,12.1,10.8,15.9,0,0.0,0.0,51.9
2025-11-05 04:30:00+00:00,10.2,0,10.7,11.3,15.8,0,0.0,0.0,52.0
2025-11-05 05:00:00+00:00,10.5,0,10.4,12.4,15.4,0,0.0,0.0,51.3
2025-11-05 05:30:00+00:00,10.9,0,12.8,14.5,14.2,0,0.0,0.0,47.5
2025-11-05 06:00:00+00:00,11.3,0,12.1,19.1,13.3,0,0.0,0.0,44.1
2025-11-05 06:30:00+00:00,10.8,0,12.5,22.3,12.6,0,0.0,0.0,41.7
2025-11-05 07:00:00+00:00,10.5,0,12.2,24.3,12.3,0,0.0,0.0,40.7
2025-11-05 07:30:00+00:00,10.2,0,12.9,23.6,11.9,0,0.0,0.3,40.9
2025-11-05 08:00:00+00:00,10.1,0,12.9,22.6,11.8,0,0.0,1.2,41.2
2025-11-05 08:30:00+00:00,9.9,0,13.5,22.1,11.6,0,0.0,2.4,40.5
2025-11-05 09:00:00+00:00,9.9,0,11.5,22.5,11.7,0,0.0,3.9,40.4
2025-11-05 09:30:00+00:00,9.9,0,8.9,23.0,11.9,0,0.0,5.0,41.2
2025-11-05 10:00:00+00:00,9.7,0,8.7,22.4,11.7,0,0.0,6.1,41.4
2025-11-05 10:30:00+00:00,9.2,0,9.9,21.2,11.2,0,0.0,7.5,40.9
2025-11-05 11:00:00+00:00,9.2,0,9.8,20.9,11.0,0,0.0,8.0,40.9
2025-11-05 11:30:00+00:00,9.0,0,10.3,21.9,10.8,0,0.0,7.6,40.3
2025-11-05 12:00:00+00:00,9.0,0,10.1,23.2,10.7,0,0.0,6.2,40.8
2025-11-05 12:30:00+00:00,9.4,0,6.6,25.5,11.2,0,0.0,5.5,41.8
2025-11-05 13:00:00+00:00,9.4,0,6.4,27.4,11.1,0,0.0,4.7,41.0
2025-11-05 13:30:00+00:00,9.2,0,6.6,29.4,10.8,0,0.0,4.0,40.0
2025-11-05 14:00:00+00:00,9.0,0,6.6,31.2,10.6,0,0.0,3.2,39.4
2025-11-05 14:30:00+00:00,8.6,0,7.6,33.7,10.2,0,0.0,2.3,37.6
2025-11-05 15:00:00+00:00,8.4,0,7.6,35.2,10.0,0,0.0,1.4,37.4
2025-11-05 15:30:00+00:00,8.3,0,9.3,34.8,9.8,0,0.0,0.6,37.1
2025-11-05 16:00:00+00:00,8.4,0,9.5,35.6,9.8,0,0.0,0.1,36.6
2025-11-05 16:30:00+00:00,8.3,0,10.7,34.5,9.7,0,0.0,0.1,36.8
2025-11-05 17:00:00+00:00,8.3,0,10.9,34.3,9.8,0,0.0,0.1,36.7
2025-11-05 17:30:00+00:00,8.3,0,11.4,34.2,9.8,0,0.0,0.0,36.3
2025-11-05 18:00:00+00:00,7.9,0,11.7,33.8,10.0,0,0.0,0.1,36.4
2025-11-05 18:30:00+00:00,8.8,0,12.8,31.3,10.3,0,0.0,0.0,36.8
2025-11-05 19:00:00+00:00,9.0,0,13.2,30.0,10.5,0,0.0,0.1,37.1
2025-11-05 19:30:00+00:00,9.6,0,13.9,28.5,11.1,0,0.0,0.0,37.0
2025-11-05 20:00:00+00:00,9.9,0,14.3,28.1,11.5,0,0.0,0.0,36.2
2025-11-05 20:30:00+00:00,10.2,0,13.6,27.7,12.0,0,0.0,0.0,36.4
2025-11-05 21:00:00+00:00,9.8,0,13.9,26.8,12.4,0,0.0,0.0,37.0
2025-11-05 21:30:00+00:00,10.1,0,12.9,26.5,12.8,0,0.0,0.0,37.7
2025-11-05 22:00:00+00:00,10.2,0,13.2,25.9,13.0,0,0.0,0.0,37.6
2025-11-05 22:30:00+00:00,10.7,0,15.3,21.6,13.6,0,0.0,0.0,38.7
2025-11-05 23:00:00+00:00,10.9,0,15.7,20.9,13.9,0,0.0,0.1,38.5
2025-11-05 23:30:00+00:00,11.1,0,16.6,20.7,14.1,0,0.0,0.0,37.4
2025-11-06 00:00:00+00:00,11.3,0,17.0,21.8,14.3,0,0.0,0.0,35.5
2025-11-06 00:30:00+00:00,11.4,0,17.0,23.2,14.6,0,0.0,0.0,33.8
2025-11-06 01:00:00+00:00,11.7,0,17.3,24.2,14.9,0,0.0,0.1,31.7
2025-11-06 01:30:00+00:00,11.8,0,17.4,25.2,15.0,0,0.0,0.0,30.5
2025-11-06 02:00:00+00:00,11.9,0,17.6,25.5,15.2,0,0.0,0.0,29.6
2025-11-06 02:30:00+00:00,12.2,0,17.8,26.2,15.5,0,0.0,0.0,28.2
2025-11-06 03:00:00+00:00,12.2,0,17.6,26.0,15.5,0,0.0,0.1,28.6
2025-11-06 03:30:00+00:00,12.7,0,16.4,26.1,16.2,0,0.0,0.0,28.5
2025-11-06 04:00:00+00:00,13.0,0,16.6,26.6,16.5,0,0.0,0.0,27.2
2025-11-06 04:30:00+00:00,12.6,0,12.9,32.9,16.0,0,0.0,0.0,25.6
2025-11-06 05:00:00+00:00,12.0,0,12.2,37.7,15.2,0,0.0,0.0,22.8
2025-11-06 05:30:00+00:00,10.7,0,10.8,45.8,13.6,0,0.0,0.0,19.0
2025-11-06 06:00:00+00:00,10.0,0,10.1,50.1,12.8,0,0.0,0.3,16.7
2025-11-06 06:30:00+00:00,9.6,0,10.4,53.1,12.1,0,0.0,0.0,14.7
2025-11-06 07:00:00+00:00,9.4,0,10.3,53.2,12.0,0,0.0,0.2,14.8
2025-11-06 07:30:00+00:00,9.3,0,11.6,51.8,11.9,0,0.0,0.3,15.1
2025-11-06 08:00:00+00:00,9.2,0,11.4,50.6,11.7,0,0.0,1.2,15.9
2025-11-06 08:30:00+00:00,8.9,0,13.3,49.0,11.3,0,0.0,2.5,15.0
2025-11-06 09:00:00+00:00,8.8,0,13.5,49.0,11.2,0,0.0,3.9,13.6
2025-11-06 09:30:00+00:00,8.7,0,13.5,48.2,11.0,0,0.0,5.4,13.2
2025-11-06 10:00:00+00:00,8.6,0,13.4,47.9,10.8,0,0.0,6.6,12.7
2025-11-06 10:30:00+00:00,8.6,0,13.9,47.4,10.6,0,0.0,7.3,12.2
2025-11-06 11:00:00+00:00,8.7,0,14.1,48.0,10.7,0,0.0,7.7,10.8
2025-11-06 11:30:00+00:00,8.7,0,13.4,49.1,10.7,0,0.0,7.7,10.3
2025-11-06 12:00:00+00:00,8.7,0,13.1,50.7,10.8,0,0.0,7.5,9.2
2025-11-06 12:30:00+00:00,8.7,0,10.1,54.9,10.7,0,0.0,7.4,8.2
2025-11-06 13:00:00+00:00,8.6,0,9.9,56.9,10.6,0,0.0,6.7,7.4
2025-11-06 13:30:00+00:00,8.5,0,9.7,58.2,10.5,0,0.0,5.8,7.2
2025-11-06 14:00:00+00:00,8.6,0,8.3,60.7,10.6,0,0.0,4.5,7.3
2025-11-06 14:30:00+00:00,8.8,0,5.6,63.9,10.9,0,0.0,3.4,7.4
2025-11-06 15:00:00+00:00,8.9,0,5.6,64.9,11.0,0,0.0,2.3,7.3
2025-11-06 15:30:00+00:00,8.8,0,6.5,65.1,10.9,0,0.0,1.2,7.5
2025-11-06 16:00:00+00:00,8.7,0,8.2,64.0,10.8,0,0.0,0.1,8.2
2025-11-06 16:30:00+00:00,8.4,0,10.6,62.5,10.4,0,0.0,0.1,7.9
2025-11-06 17:00:00+00:00,8.4,0,10.5,61.8,10.4,0,0.0,0.1,8.8
2025-11-06 17:30:00+00:00,8.4,0,10.5,61.9,10.4,0,0.0,0.0,8.8
2025-11-06 18:00:00+00:00,8.5,0,10.1,61.9,10.5,0,0.0,0.0,9.0
2025-11-06 18:30:00+00:00,8.5,0,10.0,61.8,10.7,0,0.0,0.0,9.0
2025-11-06 19:00:00+00:00,8.7,0,9.7,61.7,10.9,0,0.0,0.0,8.8
2025-11-06 19:30:00+00:00,9.0,0,9.3,61.5,11.2,0,0.0,0.0,8.9
2025-11-06 20:00:00+00:00,9.3,0,9.1,60.9,11.6,0,0.0,0.0,9.1
2025-11-06 20:30:00+00:00,9.2,0,7.9,62.2,11.5,0,0.0,0.0,9.0
2025-11-06 21:00:00+00:00,9.4,0,7.7,61.5,11.9,0,0.0,0.0,9.5
2025-11-06 21:30:00+00:00,9.5,0,7.8,60.4,12.6,0,0.0,0.0,9.7
2025-11-06 22:00:00+00:00,10.2,0,8.4,57.6,13.3,0,0.0,0.0,10.4
2025-11-06 22:30:00+00:00,11.2,0,9.5,53.4,14.5,0,0.0,0.0,11.3
2025-11-06 23:00:00+00:00,12.3,0,9.6,50.3,15.3,0,0.0,0.0,12.4
2025-11-06 23:30:00+00:00,10.5,0,9.9,50.5,15.9,0,0.0,0.0,13.2
2025-11-07 00:00:00+00:00,10.5,0,9.8,50.1,16.5,0,0.0,0.0,13.1
2025-11-07 00:30:00+00:00,10.6,0,10.2,49.3,16.8,0,0.0,0.0,13.2
2025-11-07 01:00:00+00:00,10.6,0,10.7,48.3,17.3,0,0.0,0.0,13.1
2025-11-07 01:30:00+00:00,10.6,0,11.2,46.6,17.8,0,0.0,0.0,13.9
2025-11-07 02:00:00+00:00,10.7,0,11.3,45.2,18.3,0,0.0,0.0,14.5
2025-11-07 02:30:00+00:00,10.9,0,11.6,44.1,18.6,0,0.0,0.0,14.9
2025-11-07 03:00:00+00:00,10.4,0,11.7,43.8,19.0,0,0.0,0.0,15.1
2025-11-07 03:30:00+00:00,10.3,0,11.8,43.8,19.1,0,0.0,0.0,15.0
2025-11-07 04:00:00+00:00,11.0,0,11.5,42.5,19.3,0,0.0,0.0,15.6
2025-11-07 04:30:00+00:00,12.1,0,10.7,47.3,15.0,0,0.0,0.0,14.8
2025-11-07 05:00:00+00:00,11.9,0,10.6,48.4,14.7,0,0.0,0.0,14.3
2025-11-07 05:30:00+00:00,11.1,0,10.8,49.4,13.7,0,0.0,0.0,14.9
2025-11-07 06:00:00+00:00,10.4,0,10.2,51.5,12.8,0,0.0,0.4,14.7
2025-11-07 06:30:00+00:00,9.8,0,9.5,55.1,12.1,0,0.0,0.0,13.4
2025-11-07 07:00:00+00:00,9.6,0,9.2,55.5,11.8,0,0.0,0.3,13.6
2025-11-07 07:30:00+00:00,9.4,0,10.1,54.6,11.4,0,0.0,0.3,14.2
2025-11-07 08:00:00+00:00,9.3,0,10.3,53.8,11.1,0,0.0,1.4,14.1
2025-11-07 08:30:00+00:00,9.1,0,10.8,52.7,10.4,0,0.0,2.6,14.4
2025-11-07 09:00:00+00:00,9.0,0,10.6,51.8,9.8,0,0.0,3.8,15.0
2025-11-07 09:30:00+00:00,8.8,0,12.4,49.9,9.4,0,0.0,4.7,14.8
2025-11-07 10:00:00+00:00,8.6,0,12.3,49.0,9.2,0,0.0,5.4,15.4
2025-11-07 10:30:00+00:00,8.4,0,12.0,48.4,9.0,0,0.0,6.0,16.1
2025-11-07 11:00:00+00:00,8.4,0,12.0,47.9,9.0,0,0.0,5.8,16.9
2025-11-07 11:30:00+00:00,8.3,0,11.9,47.6,8.9,0,0.0,5.7,17.6
2025-11-07 12:00:00+00:00,8.3,0,11.8,47.5,8.8,0,0.0,5.6,17.9
2025-11-07 12:30:00+00:00,8.3,0,10.8,48.0,8.9,0,0.0,5.4,18.6
2025-11-07 13:00:00+00:00,8.3,0,10.7,48.4,8.9,0,0.0,4.8,19.0
2025-11-07 13:30:00+00:00,8.4,0,9.6,49.6,8.9,0,0.0,4.1,19.4
2025-11-07 14:00:00+00:00,8.8,0,9.5,50.1,8.8,0,0.0,2.9,19.8
2025-11-07 14:30:00+00:00,8.8,0,8.0,51.5,9.0,0,0.0,2.0,20.7
2025-11-07 15:00:00+00:00,8.9,0,8.1,52.3,9.0,0,0.0,1.1,20.6
2025-11-07 15:30:00+00:00,9.0,0,8.1,53.4,9.1,0,0.0,0.4,20.0
2025-11-07 16:00:00+00:00,9.0,0,8.0,53.7,9.0,0,0.0,0.0,20.2
2025-11-07 16:30:00+00:00,9.0,0,8.0,53.8,8.9,0,0.0,0.0,20.2
2025-11-07 17:00:00+00:00,9.0,0,7.9,53.5,8.9,0,0.0,0.0,20.7
2025-11-07 17:30:00+00:00,8.8,0,7.8,52.7,8.7,0,0.0,0.0,21.9
2025-11-07 18:00:00+00:00,8.6,0,7.7,52.4,8.6,0,0.0,0.0,22.6
2025-11-07 18:30:00+00:00,8.5,0,7.7,52.4,8.6,0,0.0,0.0,22.8
2025-11-07 19:00:00+00:00,8.7,0,7.8,52.8,8.7,0,0.0,0.0,22.0
2025-11-07 19:30:00+00:00,8.9,0,7.9,52.8,8.9,0,0.0,0.0,21.5
2025-11-07 20:00:00+00:00,9.1,0,8.1,51.8,9.1,0,0.0,0.0,21.8
2025-11-07 20:30:00+00:00,9.6,0,8.5,49.9,9.5,0,0.0,0.0,22.5
2025-11-07 21:00:00+00:00,9.9,0,8.8,48.4,9.8,0,0.0,0.0,23.1
2025-11-07 21:30:00+00:00,10.5,0,9.3,46.0,10.3,0,0.0,0.0,23.9
2025-11-07 22:00:00+00:00,11.1,0,9.8,44.5,10.9,0,0.0,0.0,23.7
2025-11-07 22:30:00+00:00,11.6,0,12.2,41.4,11.5,0,0.0,0.0,23.3
2025-11-07 23:00:00+00:00,12.0,0,12.7,39.9,11.9,0,0.0,0.1,23.4
2025-11-07 23:30:00+00:00,12.3,0,13.9,39.5,12.1,0,0.0,0.0,22.2
2025-11-08 00:00:00+00:00,12.0,0,13.7,40.8,11.9,0,0.0,0.0,21.6
2025-11-08 00:30:00+00:00,12.1,0,13.4,39.7,12.0,0,0.0,0.0,22.7
2025-11-08 01:00:00+00:00,12.3,0,13.7,38.6,12.2,0,0.0,0.0,23.1
2025-11-08 01:30:00+00:00,12.6,0,14.3,38.5,12.4,0,0.0,0.0,22.1
2025-11-08 02:00:00+00:00,13.0,0,14.8,37.7,12.9,0,0.0,0.0,21.6
2025-11-08 02:30:00+00:00,13.2,0,14.8,38.4,13.2,0,0.0,0.0,20.3
2025-11-08 03:00:00+00:00,12.2,0,15.0,40.1,13.4,0,0.0,0.2,19.2
2025-11-08 03:30:00+00:00,10.9,0,15.3,39.9,13.4,0,0.0,0.0,20.4
2025-11-08 04:00:00+00:00,11.1,0,15.4,38.1,13.6,0,0.0,0.6,21.3
2025-11-08 04:30:00+00:00,11.2,0,12.3,41.9,13.7,0,0.0,0.0,20.8
2025-11-08 05:00:00+00:00,11.1,0,12.2,43.3,13.6,0,0.0,0.0,19.7
2025-11-08 05:30:00+00:00,10.7,0,11.8,45.9,13.1,0,0.0,0.0,18.5
2025-11-08 06:00:00+00:00,10.0,0,11.1,47.8,12.3,0,0.0,0.6,18.2
2025-11-08 06:30:00+00:00,9.3,0,10.2,50.8,11.4,0,0.0,0.0,18.2
2025-11-08 07:00:00+00:00,9.2,0,10.1,50.6,11.2,0,0.0,0.6,18.2
2025-11-08 07:30:00+00:00,9.1,0,12.6,47.5,11.1,0,0.0,1.8,17.9
2025-11-08 08:00:00+00:00,8.9,0,12.7,46.3,10.8,0,0.0,4.4,16.8
2025-11-08 08:30:00+00:00,8.8,0,12.9,45.0,10.8,0,0.0,7.2,15.2
2025-11-08 09:00:00+00:00,8.6,0,12.5,43.5,10.5,0,0.0,10.9,13.9
2025-11-08 09:30:00+00:00,8.4,0,13.4,41.4,10.3,0,0.0,13.4,13.1
2025-11-08 10:00:00+00:00,8.4,0,13.4,39.5,10.3,0,0.0,16.0,12.5
2025-11-08 10:30:00+00:00,8.1,0,12.6,38.9,10.0,0,0.0,17.8,12.5
2025-11-08 11:00:00+00:00,8.1,0,12.4,38.7,9.9,0,0.0,18.2,12.8
2025-11-08 11:30:00+00:00,8.2,0,12.3,40.4,10.0,0,0.0,16.6,12.6
2025-11-08 12:00:00+00:00,8.1,0,12.1,41.5,9.9,0,0.0,16.0,12.4
2025-11-08 12:30:00+00:00,8.0,0,11.9,42.6,9.8,0,0.0,15.2,12.4
2025-11-08 13:00:00+00:00,8.1,0,12.0,43.5,9.9,0,0.0,14.1,12.4
2025-11-08 13:30:00+00:00,8.2,0,11.2,45.3,10.0,0,0.0,12.7,12.5
2025-11-08 14:00:00+00:00,8.2,0,11.2,47.5,10.0,0,0.0,10.6,12.6
2025-11-08 14:30:00+00:00,8.1,0,11.4,50.0,10.0,0,0.0,7.9,12.6
2025-11-08 15:00:00+00:00,8.3,0,11.5,53.1,10.1,0,0.0,4.6,12.3
2025-11-08 15:30:00+00:00,8.2,0,12.2,55.0,10.1,0,0.0,1.7,12.8
2025-11-08 16:00:00+00:00,8.3,0,12.1,55.6,10.1,0,0.0,0.1,13.8
2025-11-08 16:30:00+00:00,8.6,0,11.9,55.2,9.9,0,0.0,0.1,14.4
2025-11-08 17:00:00+00:00,9.3,0,11.6,54.6,9.7,0,0.0,0.1,14.7
2025-11-08 17:30:00+00:00,9.6,0,11.2,54.0,9.6,0,0.0,0.0,15.6
2025-11-08 18:00:00+00:00,9.6,0,11.0,53.2,9.4,0,0.0,0.1,16.8
2025-11-08 18:30:00+00:00,9.8,0,9.7,52.4,9.6,0,0.0,0.0,18.4
2025-11-08 19:00:00+00:00,10.1,0,10.2,51.1,9.9,0,0.0,0.0,18.7
2025-11-08 19:30:00+00:00,10.6,0,9.4,50.6,10.4,0,0.0,0.0,18.9
2025-11-08 20:00:00+00:00,10.9,0,9.8,49.3,10.7,0,0.0,0.0,19.2
2025-11-08 20:30:00+00:00,11.2,0,9.9,48.3,11.0,0,0.0,0.0,19.6
2025-11-08 21:00:00+00:00,11.6,0,10.3,45.4,11.4,0,0.0,0.0,21.3
2025-11-08 21:30:00+00:00,12.2,0,10.8,41.5,12.0,0,0.0,0.0,23.6
2025-11-08 22:00:00+00:00,12.6,0,11.3,39.0,12.4,0,0.0,0.0,24.5
2025-11-08 22:30:00+00:00,13.1,0,15.1,32.3,13.1,0,0.0,0.0,26.3
2025-11-08 23:00:00+00:00,13.5,0,15.6,30.4,13.5,0,0.0,0.1,26.9
2025-11-08 23:30:00+00:00,14.1,0,15.7,28.9,13.9,0,0.1,0.0,27.3
2025-11-09 00:00:00+00:00,14.0,0,15.6,29.4,13.8,0,0.1,0.0,27.0
2025-11-09 00:30:00+00:00,14.1,0,15.0,30.1,13.9,0,0.1,0.0,26.7
2025-11-09 01:00:00+00:00,14.4,0,15.4,29.8,14.1,0,0.1,0.0,26.3
2025-11-09 01:30:00+00:00,14.7,0,15.0,29.6,14.4,0,0.1,0.0,26.3
2025-11-09 02:00:00+00:00,14.3,0,14.7,30.1,14.1,0,0.1,0.1,26.6
2025-11-09 02:30:00+00:00,14.1,0,14.6,30.3,14.0,0,0.1,0.0,26.9
2025-11-09 03:00:00+00:00,14.4,0,14.8,29.6,14.1,0,0.1,0.2,26.8
2025-11-09 03:30:00+00:00,14.3,0,13.6,30.0,14.1,0,0.1,0.0,27.9
2025-11-09 04:00:00+00:00,13.9,0,13.4,28.9,13.8,0,0.1,0.6,29.3
2025-11-09 04:30:00+00:00,13.8,0,12.2,29.7,13.6,0,0.1,0.0,30.6
2025-11-09 05:00:00+00:00,13.7,0,12.1,28.2,13.4,0,0.0,0.0,32.6
2025-11-09 05:30:00+00:00,13.2,0,11.7,28.5,13.0,0,0.0,0.0,33.6
2025-11-09 06:00:00+00:00,12.6,0,11.5,28.9,12.4,0,0.0,0.7,33.9
2025-11-09 06:30:00+00:00,12.1,0,11.0,28.8,12.0,0,0.0,0.0,35.9
2025-11-09 07:00:00+00:00,11.8,0,10.5,28.3,11.7,0,0.0,0.7,37.0
2025-11-09 07:30:00+00:00,11.8,0,10.4,27.7,11.6,0,0.0,0.7,37.8
2025-11-09 08:00:00+00:00,11.7,0,10.3,26.5,11.4,0,0.0,2.7,37.4
2025-11-09 08:30:00+00:00,11.3,0,10.0,25.1,11.1,0,0.0,5.1,37.4
2025-11-09 09:00:00+00:00,11.0,0,9.7,23.8,10.8,0,0.0,6.9,37.8
2025-11-09 09:30:00+00:00,10.4,0,11.0,22.9,10.3,0,0.0,8.4,36.9
2025-11-09 10:00:00+00:00,10.2,0,10.8,23.8,10.0,0,0.0,9.2,36.0
2025-11-09 10:30:00+00:00,10.0,0,10.6,24.7,9.8,0,0.0,9.0,35.8
2025-11-09 11:00:00+00:00,10.0,0,10.6,25.4,9.8,0,0.0,8.7,35.4
2025-11-09 11:30:00+00:00,9.8,0,11.4,27.4,9.6,0,0.0,8.0,33.8
2025-11-09 12:00:00+00:00,9.5,0,11.0,30.5,9.4,0,0.0,6.9,32.7
2025-11-09 12:30:00+00:00,9.7,0,9.3,32.7,9.6,0,0.0,6.4,32.2
2025-11-09 13:00:00+00:00,9.6,0,9.0,35.2,9.4,0,0.0,5.6,31.2
2025-11-09 13:30:00+00:00,9.4,0,8.3,38.8,9.2,0,0.0,4.3,29.8
2025-11-09 14:00:00+00:00,9.1,0,8.0,42.5,9.0,0,0.0,3.0,28.4
2025-11-09 14:30:00+00:00,8.9,0,7.9,46.2,8.8,0,0.0,2.2,26.0
2025-11-09 15:00:00+00:00,8.8,0,7.8,48.4,8.7,0,0.0,1.1,25.1
2025-11-09 15:30:00+00:00,8.9,0,7.8,49.1,8.7,0,0.0,0.3,25.1
2025-11-09 16:00:00+00:00,8.8,0,7.8,49.7,8.7,0,0.0,0.0,25.0
2025-11-09 16:30:00+00:00,8.8,0,8.2,49.4,8.6,0,0.0,0.0,25.0
2025-11-09 17:00:00+00:00,8.8,0,8.2,48.9,8.6,0,0.0,0.0,25.5
2025-11-09 17:30:00+00:00,8.8,0,8.1,48.5,8.6,0,0.0,0.0,26.0
2025-11-09 18:00:00+00:00,8.8,0,8.0,47.9,8.6,0,0.0,0.0,26.7
2025-11-09 18:30:00+00:00,8.8,0,7.7,47.3,8.6,0,0.0,0.0,27.5
2025-11-09 19:00:00+00:00,8.9,0,7.8,46.0,8.7,0,0.0,0.0,28.6
2025-11-09 19:30:00+00:00,9.3,0,8.9,42.8,9.1,0,0.0,0.0,29.9
2025-11-09 20:00:00+00:00,9.6,0,9.3,40.7,9.5,0,0.0,0.0,30.9
2025-11-09 20:30:00+00:00,10.0,0,8.8,39.1,9.9,0,0.0,0.0,32.2
2025-11-09 21:00:00+00:00,10.6,0,9.4,36.3,10.4,0,0.0,0.0,33.2
2025-11-09 21:30:00+00:00,11.1,0,11.7,31.7,10.9,0,0.0,0.0,34.6
2025-11-09 22:00:00+00:00,11.8,0,12.6,26.0,11.6,0,0.0,0.0,38.0
2025-11-09 22:30:00+00:00,12.7,0,14.0,19.4,12.5,0,0.0,0.0,41.3
2025-11-09 23:00:00+00:00,13.0,0,14.3,16.9,12.8,0,0.0,0.0,43.0
2025-11-09 23:30:00+00:00,13.0,0,14.5,16.2,12.9,0,0.0,0.0,43.4
2025-11-10 00:00:00+00:00,12.9,0,14.3,16.3,12.7,0,0.0,0.0,43.7
2025-11-10 00:30:00+00:00,12.8,0,14.2,16.0,12.6,0,0.0,0.0,44.4
2025-11-10 01:00:00+00:00,12.6,0,14.0,15.6,12.5,0,0.0,0.0,45.3
2025-11-10 01:30:00+00:00,12.4,0,13.8,15.4,12.3,0,0.0,0.0,46.1
2025-11-10 02:00:00+00:00,11.1,0,13.8,15.6,12.3,0,0.0,0.0,47.2
2025-11-10 02:30:00+00:00,9.6,0,13.7,16.1,12.4,0,0.0,0.0,48.1
2025-11-10 03:00:00+00:00,8.7,0,13.7,16.3,12.5,0,0.0,0.0,48.8
2025-11-10 03:30:00+00:00,8.8,0,12.9,17.2,12.7,0,0.0,0.0,48.4
2025-11-10 04:00:00+00:00,9.4,0,12.2,17.5,12.4,0,0.0,0.0,48.3
2025-11-10 04:30:00+00:00,11.5,0,7.7,18.4,12.2,0,0.0,0.0,50.2
2025-11-10 05:00:00+00:00,11.9,0,7.3,19.1,11.8,0,0.0,0.0,49.8
2025-11-10 05:30:00+00:00,11.3,0,9.2,19.9,11.2,0,0.0,0.0,48.4
2025-11-10 06:00:00+00:00,10.6,0,8.8,23.2,10.5,0,0.0,0.2,46.7
2025-11-10 06:30:00+00:00,9.7,0,8.5,28.1,9.6,0,0.0,0.0,44.0
2025-11-10 07:00:00+00:00,9.3,0,8.3,29.9,9.2,0,0.0,0.2,43.2
2025-11-10 07:30:00+00:00,9.1,0,10.3,29.2,9.0,0,0.0,0.2,42.2
2025-11-10 08:00:00+00:00,8.9,0,10.3,29.5,8.8,0,0.0,1.5,41.0
2025-11-10 08:30:00+00:00,8.8,0,9.9,30.1,8.6,0,0.0,3.2,39.5
2025-11-10 09:00:00+00:00,8.6,0,9.7,29.8,8.3,0,0.0,4.5,39.0
2025-11-10 09:30:00+00:00,8.5,0,10.1,28.3,8.1,0,0.0,5.6,39.5
2025-11-10 10:00:00+00:00,8.4,0,10.0,28.8,8.0,0,0.0,6.2,38.5
2025-11-10 10:30:00+00:00,8.5,0,9.6,29.4,8.1,0,0.0,6.1,38.2
2025-11-10 11:00:00+00:00,8.5,0,9.6,30.2,8.1,0,0.0,5.9,37.7
2025-11-10 11:30:00+00:00,8.4,0,10.6,30.0,7.9,0,0.0,5.7,37.5
2025-11-10 12:00:00+00:00,8.6,0,10.9,30.4,8.0,0,0.0,5.5,36.6
2025-11-10 12:30:00+00:00,8.6,0,11.6,30.7,8.0,0,0.0,5.7,35.4
2025-11-10 13:00:00+00:00,8.7,0,11.6,31.6,8.0,0,0.0,5.3,34.7
2025-11-10 13:30:00+00:00,8.6,0,10.1,33.3,7.9,0,0.0,4.6,35.5
2025-11-10 14:00:00+00:00,8.3,0,9.8,36.0,7.6,0,0.0,3.8,34.5
2025-11-10 14:30:00+00:00,8.2,0,9.7,38.4,7.5,0,0.0,2.7,33.4
2025-11-10 15:00:00+00:00,8.1,0,9.7,40.5,7.6,0,0.0,1.9,32.3
2025-11-10 15:30:00+00:00,8.3,0,9.9,42.1,7.8,0,0.0,0.8,31.1
2025-11-10 16:00:00+00:00,8.5,0,10.0,43.0,7.8,0,0.0,0.0,30.5
2025-11-10 16:30:00+00:00,8.5,0,9.9,43.8,7.9,0,0.0,0.0,29.8
2025-11-10 17:00:00+00:00,8.4,0,9.8,44.0,7.8,0,0.0,0.0,29.9
2025-11-10 17:30:00+00:00,8.4,0,10.9,43.2,7.7,0,0.0,0.0,29.8
2025-11-10 18:00:00+00:00,8.5,0,10.8,43.0,7.9,0,0.0,0.0,29.6
2025-11-10 18:30:00+00:00,8.5,0,12.0,42.3,7.9,0,0.0,0.0,29.3
2025-11-10 19:00:00+00:00,8.6,0,12.0,41.7,8.0,0,0.0,0.0,29.7
2025-11-10 19:30:00+00:00,9.1,0,8.6,42.4,8.4,0,0.0,0.0,31.4
2025-11-10 20:00:00+00:00,9.3,0,9.1,40.8,8.6,0,0.0,0.0,32.1
2025-11-10 20:30:00+00:00,9.8,0,11.4,36.6,9.1,0,0.0,0.0,33.0
2025-11-10 21:00:00+00:00,10.5,0,12.2,33.4,9.7,0,0.0,0.0,34.1
2025-11-10 21:30:00+00:00,11.2,0,13.3,28.4,10.4,0,0.0,0.0,36.6
2025-11-10 22:00:00+00:00,12.1,0,14.3,24.3,11.2,0,0.0,0.0,38.1
2025-11-10 22:30:00+00:00,12.6,0,17.9,18.7,11.7,0,0.0,0.0,39.0
2025-11-10 23:00:00+00:00,12.9,0,19.0,15.4,12.1,0,0.0,0.1,40.5
2025-11-10 23:30:00+00:00,13.0,0,19.0,14.7,12.2,0,0.0,0.0,41.1
2025-11-11 00:00:00+00:00,13.0,0,19.0,15.3,12.2,0,0.0,0.0,40.5
2025-11-11 00:30:00+00:00,13.0,0,18.8,14.1,12.2,0,0.0,0.0,41.9
2025-11-11 01:00:00+00:00,13.0,0,19.0,13.7,12.3,0,0.0,0.0,42.0
2025-11-11 01:30:00+00:00,13.3,0,17.8,14.2,12.6,0,0.0,0.0,42.0
2025-11-11 02:00:00+00:00,13.7,0,18.1,14.5,13.0,0,0.0,0.1,40.5
2025-11-11 02:30:00+00:00,14.1,0,16.7,14.8,13.4,0,0.0,0.0,41.1
2025-11-11 03:00:00+00:00,14.1,0,16.7,14.7,13.5,0,0.0,0.1,40.8
2025-11-11 03:30:00+00:00,14.2,0,16.3,14.9,13.7,0,0.0,0.0,40.8
2025-11-11 04:00:00+00:00,14.0,0,16.1,14.6,13.6,0,0.0,0.2,41.5
2025-11-11 04:30:00+00:00,13.8,0,14.4,15.3,13.4,0,0.0,0.0,43.0
2025-11-11 05:00:00+00:00,13.5,0,14.0,16.4,13.1,0,0.0,0.2,42.8
2025-11-11 05:30:00+00:00,12.2,0,15.0,21.9,11.9,0,0.0,0.0,38.9
2025-11-11 06:00:00+00:00,11.3,0,14.0,27.7,11.0,0,0.0,0.2,35.7
2025-11-11 06:30:00+00:00,10.6,0,13.3,30.8,10.3,0,0.0,0.0,34.9
2025-11-11 07:00:00+00:00,10.5,0,12.5,30.4,10.1,0,0.0,0.1,36.4
2025-11-11 07:30:00+00:00,10.2,0,13.3,27.4,9.9,0,0.0,0.2,38.9
2025-11-11 08:00:00+00:00,9.8,0,12.9,26.4,9.5,0,0.0,1.0,40.4
2025-11-11 08:30:00+00:00,9.3,0,14.2,24.9,9.1,0,0.0,1.9,40.5
2025-11-11 09:00:00+00:00,9.0,0,13.8,24.3,8.9,0,0.0,2.7,41.2
2025-11-11 09:30:00+00:00,9.0,0,11.7,24.2,8.9,0,0.0,3.1,43.1
2025-11-11 10:00:00+00:00,8.9,0,11.4,22.9,8.7,0,0.0,3.4,44.6
2025-11-11 10:30:00+00:00,8.8,0,11.0,23.2,8.7,0,0.0,3.7,44.7
2025-11-11 11:00:00+00:00,8.6,0,10.7,23.0,8.5,0,0.0,4.1,45.2
2025-11-11 11:30:00+00:00,8.7,0,9.1,22.7,8.4,0,0.0,4.0,47.2
2025-11-11 12:00:00+00:00,8.6,0,8.9,22.6,8.3,0,0.0,3.8,47.7
2025-11-11 12:30:00+00:00,8.6,0,7.5,23.1,8.3,0,0.0,3.7,48.8
2025-11-11 13:00:00+00:00,8.6,0,7.5,22.2,8.3,0,0.0,3.3,50.1
2025-11-11 13:30:00+00:00,8.5,0,7.4,22.7,8.1,0,0.0,2.5,50.7
2025-11-11 14:00:00+00:00,8.5,0,7.5,22.2,8.2,0,0.0,1.9,51.7
2025-11-11 14:30:00+00:00,8.5,0,9.6,20.4,8.2,0,0.0,1.3,52.0
2025-11-11 15:00:00+00:00,8.4,0,9.7,21.2,8.1,0,0.0,0.6,52.0
2025-11-11 15:30:00+00:00,8.4,0,9.3,22.3,8.1,0,0.0,0.1,51.8
2025-11-11 16:00:00+00:00,8.3,0,9.1,22.8,8.0,0,0.0,0.0,51.8
2025-11-11 16:30:00+00:00,8.3,0,7.8,22.5,8.1,0,0.0,0.0,53.3
2025-11-11 17:00:00+00:00,8.2,0,7.6,21.6,8.1,0,0.0,0.0,54.4
2025-11-11 17:30:00+00:00,8.2,0,7.8,20.7,8.1,0,0.0,0.0,55.2
2025-11-11 18:00:00+00:00,8.3,0,7.8,19.4,8.2,0,0.0,0.0,56.3
2025-11-11 18:30:00+00:00,8.5,0,8.8,16.4,8.4,0,0.0,0.0,57.8
2025-11-11 19:00:00+00:00,8.8,0,9.2,13.4,8.6,0,0.0,0.0,60.0
2025-11-11 19:30:00+00:00,9.1,0,10.7,10.3,8.9,0,0.0,0.0,60.9
2025-11-11 20:00:00+00:00,9.4,0,11.1,9.3,9.2,0,0.0,0.0,61.0
2025-11-11 20:30:00+00:00,9.2,0,10.6,9.4,9.5,0,0.0,0.0,61.2
2025-11-11 21:00:00+00:00,7.7,0,10.9,9.2,9.8,0,0.0,0.0,62.3
2025-11-11 21:30:00+00:00,6.1,0,10.8,8.2,10.2,0,0.0,0.0,64.7
2025-11-11 22:00:00+00:00,4.9,0,11.1,7.3,10.5,0,0.0,0.0,66.1
2025-11-11 22:30:00+00:00,4.6,0,9.7,7.7,10.9,0,0.0,0.0,67.1
2025-11-11 23:00:00+00:00,4.7,0,9.9,8.1,11.1,0,0.0,0.0,66.2
2025-11-11 23:30:00+00:00,4.8,0,9.3,8.2,11.3,0,0.0,0.0,66.4
2025-11-12 00:00:00+00:00,4.8,0,9.3,8.3,11.3,0,0.0,0.0,66.3
2025-11-12 00:30:00+00:00,4.8,0,9.9,8.3,11.3,0,0.0,0.0,65.6
2025-11-12 01:00:00+00:00,4.8,0,10.0,8.2,11.4,0,0.0,0.0,65.6
2025-11-12 01:30:00+00:00,5.0,0,9.6,8.7,11.7,0,0.0,0.0,65.0
2025-11-12 02:00:00+00:00,5.0,0,9.7,8.6,11.9,0,0.0,0.0,64.8
2025-11-12 02:30:00+00:00,4.5,0,9.9,8.7,11.9,0,0.0,0.0,64.8
2025-11-12 03:00:00+00:00,3.9,0,10.1,8.8,12.1,0,0.0,0.0,65.1
2025-11-12 03:30:00+00:00,3.9,0,7.2,9.1,12.5,0,0.0,0.0,67.3
2025-11-12 04:00:00+00:00,3.8,0,9.4,8.8,12.2,0,0.0,0.0,65.7
2025-11-12 04:30:00+00:00,4.3,0,9.3,8.9,12.2,0,0.0,0.0,65.2
2025-11-12 05:00:00+00:00,5.4,0,9.1,8.8,12.0,0,0.0,0.0,64.6
2025-11-12 05:30:00+00:00,6.2,0,9.8,10.2,11.5,0,0.0,0.0,62.3
2025-11-12 06:00:00+00:00,6.9,0,9.4,13.4,10.9,0,0.0,0.1,59.2
2025-11-12 06:30:00+00:00,7.5,0,9.0,18.2,10.2,0,0.0,0.0,55.0
2025-11-12 07:00:00+00:00,8.2,0,8.7,20.4,9.8,0,0.0,0.1,52.7
2025-11-12 07:30:00+00:00,8.5,0,11.1,19.7,9.6,0,0.0,0.1,50.9
2025-11-12 08:00:00+00:00,9.1,0,11.2,20.0,9.4,0,0.0,1.0,49.3
2025-11-12 08:30:00+00:00,9.1,0,11.8,21.0,9.3,0,0.0,2.1,46.7
2025-11-12 09:00:00+00:00,8.9,0,12.2,20.1,9.3,0,0.0,3.2,46.3
2025-11-12 09:30:00+00:00,8.7,0,12.5,20.2,9.2,0,0.0,4.0,45.4
2025-11-12 10:00:00+00:00,9.0,0,12.5,20.1,9.2,0,0.0,4.7,44.4
2025-11-12 10:30:00+00:00,9.0,0,11.0,23.3,9.0,0,0.0,5.1,42.5
2025-11-12 11:00:00+00:00,9.1,0,11.1,23.2,9.1,0,0.0,6.2,41.4
2025-11-12 11:30:00+00:00,9.0,0,10.5,24.8,9.0,0,0.0,6.6,40.0
2025-11-12 12:00:00+00:00,9.0,0,10.5,26.4,9.0,0,0.0,6.4,38.6
2025-11-12 12:30:00+00:00,9.0,0,9.7,28.4,9.0,0,0.0,6.4,37.3
2025-11-12 13:00:00+00:00,9.1,0,9.6,30.8,9.1,0,0.0,5.6,35.9
2025-11-12 13:30:00+00:00,9.3,0,8.3,33.8,9.2,0,0.0,4.7,34.7
2025-11-12 14:00:00+00:00,9.3,0,8.3,36.3,9.3,0,0.0,3.7,33.0
2025-11-12 14:30:00+00:00,9.3,0,8.3,39.1,9.2,0,0.0,2.4,31.7
2025-11-12 15:00:00+00:00,9.3,0,8.2,40.7,9.2,0,0.0,1.2,31.4
2025-11-12 15:30:00+00:00,9.2,0,8.2,41.9,9.2,0,0.0,0.3,31.1
2025-11-12 16:00:00+00:00,9.0,0,8.1,43.3,9.1,0,0.0,0.0,30.4
2025-11-12 16:30:00+00:00,8.9,0,10.9,42.2,8.9,0,0.0,0.0,29.0
2025-11-12 17:00:00+00:00,8.8,0,11.1,41.0,8.8,0,0.0,0.0,30.3
2025-11-12 17:30:00+00:00,8.7,0,12.8,38.0,8.7,0,0.0,0.0,31.8
2025-11-12 18:00:00+00:00,8.9,0,13.1,36.1,8.9,0,0.0,0.0,32.9
2025-11-12 18:30:00+00:00,9.2,0,13.4,34.4,9.2,0,0.0,0.0,33.7
2025-11-12 19:00:00+00:00,9.4,0,13.6,32.3,9.4,0,0.0,0.0,35.3
2025-11-12 19:30:00+00:00,9.8,0,13.8,26.5,9.8,0,0.0,0.0,40.1
2025-11-12 20:00:00+00:00,10.2,0,14.4,20.3,10.2,0,0.0,0.0,44.8
2025-11-12 20:30:00+00:00,10.3,0,15.7,15.5,10.5,0,0.0,0.0,48.0
2025-11-12 21:00:00+00:00,9.5,0,16.3,13.0,10.9,0,0.0,0.0,50.3
2025-11-12 21:30:00+00:00,9.1,0,16.0,9.3,11.4,0,0.0,0.0,54.2
2025-11-12 22:00:00+00:00,6.5,0,15.9,9.2,11.6,0,0.0,0.0,56.7
2025-11-12 22:30:00+00:00,4.2,0,12.4,9.5,12.1,0,0.0,0.0,61.9
2025-11-12 23:00:00+00:00,3.9,0,12.3,10.1,12.3,0,0.0,0.0,61.4
2025-11-12 23:30:00+00:00,4.9,0,8.8,11.4,12.5,0,0.1,0.0,62.3
2025-11-13 00:00:00+00:00,5.0,0,8.7,12.0,12.4,0,0.0,0.0,61.9
2025-11-13 00:30:00+00:00,4.9,0,7.1,11.9,12.3,0,0.0,0.0,63.8
2025-11-13 01:00:00+00:00,4.9,0,6.8,11.4,12.4,0,0.0,0.0,64.5
2025-11-13 01:30:00+00:00,4.7,0,7.6,10.4,12.0,0,0.0,0.0,65.3
2025-11-13 02:00:00+00:00,4.3,0,7.7,10.0,12.1,0,0.0,0.0,65.9
2025-11-13 02:30:00+00:00,3.8,0,8.0,9.5,11.9,0,0.0,0.0,66.8
2025-11-13 03:00:00+00:00,3.3,0,7.8,9.3,11.6,0,0.0,0.3,67.7
2025-11-13 03:30:00+00:00,3.4,0,6.1,9.8,11.7,0,0.0,0.0,68.9
2025-11-13 04:00:00+00:00,3.4,0,6.0,10.3,11.8,0,0.0,0.0,68.5
2025-11-13 04:30:00+00:00,4.4,0,4.0,11.3,11.8,0,0.0,0.0,68.4
2025-11-13 05:00:00+00:00,6.0,0,4.1,11.5,11.6,0,0.0,0.0,66.7
2025-11-13 05:30:00+00:00,6.9,0,8.0,11.1,11.0,0,0.0,0.0,62.9
2025-11-13 06:00:00+00:00,7.7,0,8.2,12.5,10.7,0,0.0,0.3,60.6
2025-11-13 06:30:00+00:00,8.3,0,10.6,12.9,10.3,0,0.0,0.0,57.8
2025-11-13 07:00:00+00:00,9.0,0,8.0,15.9,10.3,0,0.0,0.3,56.5
2025-11-13 07:30:00+00:00,9.4,0,11.5,16.5,9.8,0,0.0,0.2,52.6
2025-11-13 08:00:00+00:00,9.5,0,11.6,16.5,9.8,0,0.0,1.9,50.6
2025-11-13 08:30:00+00:00,9.1,0,11.9,15.9,9.6,0,0.0,4.7,48.8
2025-11-13 09:00:00+00:00,8.8,0,11.5,16.3,9.3,0,0.0,7.7,46.2
2025-11-13 09:30:00+00:00,8.6,0,10.6,16.7,9.1,0,0.0,10.4,44.6
2025-11-13 10:00:00+00:00,8.5,0,10.5,17.4,9.1,0,0.0,12.2,42.2
2025-11-13 10:30:00+00:00,8.7,0,8.8,18.7,9.1,0,0.0,13.4,41.2
2025-11-13 11:00:00+00:00,8.6,0,8.8,20.1,9.1,0,0.0,13.9,39.4
2025-11-13 11:30:00+00:00,8.6,0,9.6,20.9,9.1,0,0.0,13.7,38.1
2025-11-13 12:00:00+00:00,8.7,0,9.7,22.9,9.1,0,0.0,13.4,36.2
2025-11-13 12:30:00+00:00,8.7,0,10.6,25.8,9.2,0,0.0,12.4,33.3
2025-11-13 13:00:00+00:00,8.6,0,10.7,29.6,9.2,0,0.0,11.5,30.5
2025-11-13 13:30:00+00:00,8.8,0,9.1,34.4,9.4,0,0.0,9.7,28.5
2025-11-13 14:00:00+00:00,9.1,0,9.3,39.2,9.6,0,0.0,7.3,25.4
2025-11-13 14:30:00+00:00,8.9,0,8.9,44.1,9.5,0,0.0,4.2,24.4
2025-11-13 15:00:00+00:00,9.0,0,8.7,47.7,9.2,0,0.0,1.8,23.6
2025-11-13 15:30:00+00:00,8.9,0,9.3,48.7,9.2,0,0.0,0.3,23.6
2025-11-13 16:00:00+00:00,8.8,0,9.3,48.9,9.2,0,0.0,0.0,23.8
2025-11-13 16:30:00+00:00,8.9,0,9.3,48.9,9.1,0,0.0,0.0,23.8
2025-11-13 17:00:00+00:00,8.9,0,9.3,48.2,9.1,0,0.0,0.0,24.6
2025-11-13 17:30:00+00:00,8.8,0,8.2,48.4,9.0,0,0.0,0.0,25.6
2025-11-13 18:00:00+00:00,8.8,0,8.1,47.6,8.9,0,0.0,0.0,26.6
2025-11-13 18:30:00+00:00,8.7,0,8.9,47.0,8.8,0,0.0,0.0,26.5
2025-11-13 19:00:00+00:00,8.6,0,8.8,45.5,8.8,0,0.0,0.0,28.2
2025-11-13 19:30:00+00:00,8.8,0,8.2,43.0,9.0,0,0.0,0.0,31.0
2025-11-13 20:00:00+00:00,9.3,0,8.5,39.3,9.4,0,0.0,0.0,33.4
2025-11-13 20:30:00+00:00,9.5,0,9.1,36.2,9.6,0,0.0,0.0,35.6
2025-11-13 21:00:00+00:00,10.0,0,9.6,31.3,10.1,0,0.0,0.0,39.0
2025-11-13 21:30:00+00:00,10.6,0,11.1,26.0,10.7,0,0.0,0.0,41.6
2025-11-13 22:00:00+00:00,11.5,0,11.9,20.9,11.6,0,0.0,0.0,44.2
2025-11-13 22:30:00+00:00,12.2,0,12.3,14.8,12.3,0,0.0,0.0,48.4
2025-11-13 23:00:00+00:00,12.0,0,12.3,13.5,12.4,0,0.0,0.0,49.7
2025-11-13 23:30:00+00:00,11.6,0,11.5,12.3,12.2,0,0.0,0.0,52.3
2025-11-14 00:00:00+00:00,11.2,0,11.0,10.7,11.8,0,0.0,0.0,55.3
2025-11-14 00:30:00+00:00,11.2,0,9.4,10.3,11.7,0,0.0,0.0,57.4
2025-11-14 01:00:00+00:00,11.1,0,9.2,9.8,11.5,0,0.0,0.0,58.4
2025-11-14 01:30:00+00:00,11.1,0,8.4,9.7,11.6,0,0.0,0.0,59.1
2025-11-14 02:00:00+00:00,11.1,0,8.4,8.9,11.7,0,0.0,0.0,60.0
2025-11-14 02:30:00+00:00,9.3,0,7.3,9.1,12.1,0,0.0,0.0,62.2
2025-11-14 03:00:00+00:00,8.4,0,7.1,9.1,12.2,0,0.0,0.0,63.2
2025-11-14 03:30:00+00:00,8.0,0,6.3,9.1,12.2,0,0.0,0.0,64.4
2025-11-14 04:00:00+00:00,7.9,0,6.2,8.9,12.1,0,0.0,0.0,64.9
2025-11-14 04:30:00+00:00,8.3,0,6.5,9.0,12.1,0,0.0,0.0,64.1
2025-11-14 05:00:00+00:00,9.0,0,6.6,8.8,11.8,0,0.0,0.0,63.8
2025-11-14 05:30:00+00:00,10.3,0,7.3,9.7,11.1,0,0.0,0.0,61.5
2025-11-14 06:00:00+00:00,10.2,0,6.8,12.1,10.7,0,0.0,0.0,60.2
2025-11-14 06:30:00+00:00,9.5,0,7.3,17.1,9.8,0,0.0,0.0,56.2
2025-11-14 07:00:00+00:00,9.1,0,7.2,19.3,9.4,0,0.0,0.0,55.0
2025-11-14 07:30:00+00:00,8.8,0,7.9,20.4,9.1,0,0.0,0.0,53.7
2025-11-14 08:00:00+00:00,8.8,0,7.9,21.1,9.0,0,0.0,0.0,53.1
2025-11-14 08:30:00+00:00,8.8,0,8.3,20.7,9.0,0,0.0,0.3,52.9
2025-11-14 09:00:00+00:00,8.7,0,8.2,21.1,8.9,0,0.0,0.8,52.3
2025-11-14 09:30:00+00:00,8.6,0,7.8,21.5,8.8,0,0.0,1.2,52.0
2025-11-14 10:00:00+00:00,8.5,0,7.7,21.9,8.7,0,0.0,1.6,51.7
2025-11-14 10:30:00+00:00,8.3,0,7.5,22.5,8.5,0,0.0,1.7,51.4
2025-11-14 11:00:00+00:00,8.2,0,7.4,22.3,8.4,0,0.0,2.0,51.7
2025-11-14 11:30:00+00:00,8.1,0,7.4,22.0,8.3,0,0.0,2.1,51.9
2025-11-14 12:00:00+00:00,8.1,0,7.4,22.2,8.2,0,0.0,2.2,51.9
2025-11-14 12:30:00+00:00,8.0,0,7.2,22.0,8.2,0,0.0,2.1,52.5
2025-11-14 13:00:00+00:00,8.1,0,7.3,21.8,8.3,0,0.0,1.8,52.8
2025-11-14 13:30:00+00:00,8.0,0,7.2,21.9,8.2,0,0.0,1.5,53.0
2025-11-14 14:00:00+00:00,8.0,0,7.3,21.5,8.3,0,0.0,1.2,53.7
2025-11-14 14:30:00+00:00,8.0,0,7.3,21.4,8.3,0,0.0,0.7,54.3
2025-11-14 15:00:00+00:00,8.0,0,7.3,21.8,8.3,0,0.0,0.3,54.2
2025-11-14 15:30:00+00:00,8.1,0,7.3,22.4,8.3,0,0.0,0.1,53.9
2025-11-14 16:00:00+00:00,7.9,0,7.2,23.5,8.2,0,0.0,0.1,53.1
2025-11-14 16:30:00+00:00,7.9,0,7.2,23.5,8.2,0,0.0,0.1,53.1
2025-11-14 17:00:00+00:00,8.0,0,7.2,23.4,8.2,0,0.0,0.1,53.2
2025-11-14 17:30:00+00:00,8.1,0,7.7,22.8,8.2,0,0.0,0.0,53.2
2025-11-14 18:00:00+00:00,8.3,0,7.9,20.9,8.3,0,0.0,0.0,54.6
2025-11-14 18:30:00+00:00,8.6,0,8.6,17.7,8.7,0,0.0,0.0,56.4
2025-11-14 19:00:00+00:00,8.9,0,8.8,15.6,8.9,0,0.0,0.1,57.7
2025-11-14 19:30:00+00:00,9.1,0,8.2,14.4,9.2,0,0.0,0.0,59.0
2025-11-14 20:00:00+00:00,9.4,0,8.4,11.9,9.5,0,0.0,0.1,60.7
2025-11-14 20:30:00+00:00,9.8,0,6.9,12.1,9.8,0,0.0,0.0,61.4
2025-11-14 21:00:00+00:00,10.0,0,7.0,9.9,10.0,0,0.0,0.0,63.0
2025-11-14 21:30:00+00:00,10.1,0,6.2,9.2,10.4,0,0.0,0.0,64.1
2025-11-14 22:00:00+00:00,9.2,0,6.5,9.5,10.6,0,0.0,0.1,64.1
2025-11-14 22:30:00+00:00,8.2,0,5.8,9.0,11.0,0,0.0,0.0,65.8
2025-11-14 23:00:00+00:00,9.3,0,5.3,8.2,11.1,0,0.0,0.1,66.0
2025-11-14 23:30:00+00:00,10.2,0,5.5,8.5,11.1,0,0.0,0.0,64.6
2025-11-15 00:00:00+00:00,10.9,0,6.0,9.4,11.0,0,0.0,0.0,62.8
2025-11-15 00:30:00+00:00,8.8,0,6.2,9.5,11.3,0,0.0,0.0,64.3
2025-11-15 01:00:00+00:00,10.7,0,5.9,8.3,11.2,0,0.0,0.1,63.8
2025-11-15 01:30:00+00:00,8.7,0,6.1,8.4,11.5,0,0.0,0.0,65.3
2025-11-15 02:00:00+00:00,9.6,0,5.9,8.3,11.5,0,0.0,0.0,64.7
2025-11-15 02:30:00+00:00,8.6,0,5.4,8.1,11.6,0,0.0,0.0,66.1
2025-11-15 03:00:00+00:00,8.0,0,5.3,7.8,11.8,0,0.0,0.1,67.0
2025-11-15 03:30:00+00:00,8.5,0,5.3,7.8,11.8,0,0.0,0.0,66.6
2025-11-15 04:00:00+00:00,8.6,0,5.4,7.8,11.9,0,0.0,0.0,66.2
2025-11-15 04:30:00+00:00,9.6,0,5.6,7.8,11.7,0,0.0,0.0,65.3
2025-11-15 05:00:00+00:00,11.3,0,5.8,7.7,11.7,0,0.0,0.0,63.5
2025-11-15 05:30:00+00:00,11.3,0,5.4,7.8,11.8,0,0.0,0.0,63.7
2025-11-15 06:00:00+00:00,11.3,0,5.5,7.8,11.7,0,0.0,0.1,63.5
2025-11-15 06:30:00+00:00,9.6,0,7.7,7.5,11.7,0,0.0,0.0,63.5
2025-11-15 07:00:00+00:00,10.6,0,8.2,6.8,11.8,0,0.0,0.1,62.5
2025-11-15 07:30:00+00:00,11.2,0,9.6,7.0,11.5,0,0.0,0.0,60.6
2025-11-15 08:00:00+00:00,11.4,0,10.0,7.7,11.6,0,0.0,0.7,58.6
2025-11-15 08:30:00+00:00,11.1,0,11.8,9.0,11.4,0,0.0,1.6,55.0
2025-11-15 09:00:00+00:00,10.8,0,11.6,11.6,11.1,0,0.0,2.6,52.2
2025-11-15 09:30:00+00:00,10.6,0,12.7,12.7,10.8,0,0.0,3.4,49.8
2025-11-15 10:00:00+00:00,10.2,0,12.8,14.3,10.4,0,0.0,4.2,48.0
2025-11-15 10:30:00+00:00,9.9,0,12.9,15.9,10.2,0,0.0,5.0,46.0
2025-11-15 11:00:00+00:00,9.8,0,12.7,17.7,10.1,0,0.0,5.5,44.2
2025-11-15 11:30:00+00:00,10.0,0,11.6,20.5,10.1,0,0.0,5.7,42.1
2025-11-15 12:00:00+00:00,9.8,0,11.4,22.9,9.9,0,0.0,5.4,40.5
2025-11-15 12:30:00+00:00,9.6,0,11.7,24.8,9.9,0,0.0,5.1,39.0
2025-11-15 13:00:00+00:00,9.7,0,11.8,26.1,10.0,0,0.0,4.4,38.1
2025-11-15 13:30:00+00:00,9.7,0,11.1,29.5,10.0,0,0.0,3.3,36.4
2025-11-15 14:00:00+00:00,9.5,0,10.9,32.8,9.9,0,0.0,2.2,34.7
2025-11-15 14:30:00+00:00,9.6,0,9.1,35.6,9.9,0,0.0,1.5,34.2
2025-11-15 15:00:00+00:00,9.6,0,9.0,37.3,9.9,0,0.0,0.8,33.3
2025-11-15 15:30:00+00:00,9.8,0,10.0,37.3,9.9,0,0.0,0.2,32.7
2025-11-15 16:00:00+00:00,9.8,0,10.1,37.9,9.9,0,0.0,0.2,32.1
2025-11-15 16:30:00+00:00,9.6,0,10.7,38.4,9.7,0,0.0,0.2,31.3
2025-11-15 17:00:00+00:00,9.7,0,10.8,38.8,9.8,0,0.0,0.0,30.9
2025-11-15 17:30:00+00:00,9.7,0,11.7,38.6,9.9,0,0.0,0.0,30.1
2025-11-15 18:00:00+00:00,9.8,0,11.8,38.4,9.9,0,0.0,0.0,30.0
2025-11-15 18:30:00+00:00,9.6,0,11.7,38.9,9.8,0,0.0,0.0,30.0
2025-11-15 19:00:00+00:00,9.6,0,11.6,38.9,9.8,0,0.0,0.2,29.9
2025-11-15 19:30:00+00:00,10.0,0,11.0,38.3,10.1,0,0.0,0.0,30.6
2025-11-15 20:00:00+00:00,10.2,0,11.2,37.3,10.3,0,0.0,0.0,30.9
2025-11-15 20:30:00+00:00,10.7,0,10.8,36.9,10.8,0,0.0,0.0,30.8
2025-11-15 21:00:00+00:00,11.3,0,11.4,34.4,11.4,0,0.0,0.0,31.6
2025-11-15 21:30:00+00:00,11.5,0,12.4,32.8,11.7,0,0.0,0.0,31.5
2025-11-15 22:00:00+00:00,11.8,0,12.8,31.4,12.0,0,0.0,0.0,32.0
2025-11-15 22:30:00+00:00,12.1,0,14.0,27.9,12.2,0,0.0,0.0,33.8
2025-11-15 23:00:00+00:00,12.2,0,14.3,25.1,12.5,0,0.0,0.3,35.6
2025-11-15 23:30:00+00:00,12.4,0,14.8,24.3,12.7,0,0.0,0.0,35.7
2025-11-16 00:00:00+00:00,12.6,0,14.8,24.9,12.7,0,0.0,0.3,34.8
2025-11-16 00:30:00+00:00,12.9,0,15.1,25.7,13.1,0,0.0,0.0,33.1
2025-11-16 01:00:00+00:00,13.2,0,15.4,25.9,13.4,0,0.0,0.3,31.7
2025-11-16 01:30:00+00:00,13.3,0,15.2,26.5,13.5,0,0.0,0.0,31.4
2025-11-16 02:00:00+00:00,13.2,0,15.0,26.1,13.4,0,0.0,0.3,32.0
2025-11-16 02:30:00+00:00,13.4,0,15.2,24.5,13.6,0,0.0,0.0,33.3
2025-11-16 03:00:00+00:00,13.5,0,15.2,23.3,13.6,0,0.0,0.0,34.3
2025-11-16 03:30:00+00:00,13.8,0,15.4,23.0,13.9,0,0.0,0.0,33.9
2025-11-16 04:00:00+00:00,13.4,0,15.0,25.5,13.6,0,0.0,0.1,32.4
2025-11-16 04:30:00+00:00,13.6,0,12.6,25.6,13.8,0,0.0,0.0,34.4
2025-11-16 05:00:00+00:00,13.7,0,12.6,24.3,13.8,0,0.0,0.1,35.5
2025-11-16 05:30:00+00:00,13.5,0,13.5,23.0,13.6,0,0.0,0.0,36.4
2025-11-16 06:00:00+00:00,13.3,0,13.3,22.2,13.4,0,0.0,0.0,37.7
2025-11-16 06:30:00+00:00,13.0,0,11.7,25.0,13.2,0,0.0,0.0,37.1
2025-11-16 07:00:00+00:00,12.7,0,11.4,27.5,12.8,0,0.0,0.0,35.6
2025-11-16 07:30:00+00:00,12.2,0,10.6,32.0,12.3,0,0.0,0.0,32.9
2025-11-16 08:00:00+00:00,11.7,0,10.2,36.0,11.8,0,0.0,0.4,29.8
2025-11-16 08:30:00+00:00,11.1,0,11.9,36.1,11.2,0,0.0,1.6,28.1
2025-11-16 09:00:00+00:00,10.9,0,11.7,36.2,11.0,0,0.0,3.2,26.9
2025-11-16 09:30:00+00:00,10.6,0,12.1,36.8,10.8,0,0.0,4.8,24.8
2025-11-16 10:00:00+00:00,10.4,0,11.8,37.4,10.5,0,0.0,6.3,23.5
2025-11-16 10:30:00+00:00,10.3,0,9.5,38.9,10.5,0,0.0,7.5,23.3
2025-11-16 11:00:00+00:00,10.1,0,9.2,39.7,10.2,0,0.0,8.0,22.8
2025-11-16 11:30:00+00:00,9.9,0,8.6,40.4,10.0,0,0.0,8.2,22.9
2025-11-16 12:00:00+00:00,9.7,0,8.4,40.8,9.8,0,0.0,8.4,22.9
2025-11-16 12:30:00+00:00,9.4,0,8.2,41.6,9.5,0,0.0,8.1,23.1
2025-11-16 13:00:00+00:00,9.4,0,8.2,42.3,9.5,0,0.0,7.4,23.1
2025-11-16 13:30:00+00:00,9.3,0,8.2,43.4,9.5,0,0.0,5.9,23.8
2025-11-16 14:00:00+00:00,9.4,0,8.2,44.4,9.5,0,0.0,4.2,24.3
2025-11-16 14:30:00+00:00,9.3,0,8.1,46.5,9.4,0,0.0,2.5,24.0
2025-11-16 15:00:00+00:00,9.3,0,8.1,48.1,9.3,0,0.0,1.1,24.1
2025-11-16 15:30:00+00:00,9.2,0,8.1,48.4,9.3,0,0.0,0.2,24.8
2025-11-16 16:00:00+00:00,9.1,0,8.0,48.3,9.2,0,0.0,0.2,25.1
2025-11-16 16:30:00+00:00,8.9,0,8.6,47.8,9.0,0,0.0,0.2,25.4
2025-11-16 17:00:00+00:00,8.8,0,8.4,47.8,8.9,0,0.0,0.2,25.9
2025-11-16 17:30:00+00:00,8.6,0,7.8,47.1,8.8,0,0.0,0.0,27.8
2025-11-16 18:00:00+00:00,8.5,0,7.7,45.7,8.7,0,0.0,0.2,29.2
2025-11-16 18:30:00+00:00,8.8,0,8.8,43.2,8.9,0,0.0,0.0,30.3
2025-11-16 19:00:00+00:00,9.2,0,9.2,40.6,9.3,0,0.0,0.0,31.7
2025-11-16 19:30:00+00:00,9.6,0,9.4,37.0,9.7,0,0.0,0.0,34.2
2025-11-16 20:00:00+00:00,10.0,0,9.7,33.7,10.1,0,0.0,0.2,36.3
2025-11-16 20:30:00+00:00,10.4,0,8.3,32.0,10.6,0,0.0,0.0,38.6
2025-11-16 21:00:00+00:00,10.9,0,8.4,27.7,11.0,0,0.0,0.2,41.8
2025-11-16 21:30:00+00:00,11.1,0,7.1,26.6,11.3,0,0.0,0.0,43.9
2025-11-16 22:00:00+00:00,11.4,0,7.3,23.1,11.6,0,0.0,0.0,46.6
2025-11-16 22:30:00+00:00,11.5,0,9.0,18.1,11.8,0,0.0,0.0,49.6
2025-11-16 23:00:00+00:00,11.9,0,9.4,13.7,12.2,0,0.0,0.0,52.8
2025-11-16 23:30:00+00:00,11.8,0,9.0,13.3,12.1,0,0.0,0.0,53.8
2025-11-17 00:00:00+00:00,11.7,0,8.7,13.5,11.9,0,0.0,0.0,54.2
2025-11-17 00:30:00+00:00,11.6,0,7.9,14.1,11.9,0,0.0,0.0,54.5
2025-11-17 01:00:00+00:00,11.5,0,7.7,14.2,11.9,0,0.0,0.0,54.7
2025-11-17 01:30:00+00:00,11.5,0,6.2,14.4,12.1,0,0.0,0.0,55.8
2025-11-17 02:00:00+00:00,11.5,0,6.2,11.5,12.1,0,0.0,0.2,58.5
2025-11-17 02:30:00+00:00,11.6,0,6.4,8.9,12.2,0,0.0,0.0,60.8
2025-11-17 03:00:00+00:00,11.6,0,6.5,7.9,12.3,0,0.0,0.0,61.6
2025-11-17 03:30:00+00:00,11.8,0,6.7,7.9,12.5,0,0.0,0.0,61.0
2025-11-17 04:00:00+00:00,11.6,0,6.9,7.8,12.5,0,0.0,0.0,61.0
2025-11-17 04:30:00+00:00,11.6,0,8.2,8.3,12.5,0,0.0,0.0,59.3
2025-11-17 05:00:00+00:00,11.5,0,8.4,10.4,12.4,0,0.0,0.0,57.2
2025-11-17 05:30:00+00:00,10.8,0,7.9,16.1,11.6,0,0.0,0.0,53.5
2025-11-17 06:00:00+00:00,10.1,0,5.5,23.7,10.9,0,0.0,0.2,49.6
2025-11-17 06:30:00+00:00,9.3,0,5.1,30.7,10.0,0,0.0,0.0,44.9
2025-11-17 07:00:00+00:00,8.9,0,5.8,32.3,9.6,0,0.0,0.2,43.1
2025-11-17 07:30:00+00:00,8.8,0,8.0,31.9,9.5,0,0.0,0.1,41.8
2025-11-17 08:00:00+00:00,8.6,0,7.9,32.5,9.3,0,0.0,1.7,40.0
2025-11-17 08:30:00+00:00,8.4,0,9.7,29.9,9.0,0,0.0,5.0,38.0
2025-11-17 09:00:00+00:00,8.2,0,9.5,28.7,8.8,0,0.0,8.6,36.2
2025-11-17 09:30:00+00:00,8.1,0,8.6,27.3,8.8,0,0.0,11.8,35.4
2025-11-17 10:00:00+00:00,8.1,0,8.6,24.7,8.8,0,0.0,14.9,34.9
2025-11-17 10:30:00+00:00,8.1,0,10.7,22.8,8.8,0,0.0,16.8,32.7
2025-11-17 11:00:00+00:00,8.1,0,10.8,22.7,8.8,0,0.0,17.9,31.6
2025-11-17 11:30:00+00:00,8.1,0,10.9,22.8,8.8,0,0.0,18.3,31.0
2025-11-17 12:00:00+00:00,8.2,0,11.1,23.8,8.9,0,0.0,18.1,29.9
2025-11-17 12:30:00+00:00,8.1,0,11.4,26.0,8.8,0,0.0,17.3,28.3
2025-11-17 13:00:00+00:00,8.2,0,11.3,28.7,8.9,0,0.0,15.7,27.2
2025-11-17 13:30:00+00:00,8.2,0,8.6,35.1,8.9,0,0.0,13.4,25.7
2025-11-17 14:00:00+00:00,8.2,0,8.5,39.6,8.9,0,0.0,10.3,24.5
2025-11-17 14:30:00+00:00,8.4,0,6.8,45.8,9.1,0,0.0,7.0,22.7
2025-11-17 15:00:00+00:00,8.5,0,6.9,50.4,9.2,0,0.0,3.3,21.5
2025-11-17 15:30:00+00:00,8.6,0,7.4,53.2,9.3,0,0.0,0.7,20.7
2025-11-17 16:00:00+00:00,8.5,0,7.5,54.4,9.2,0,0.0,0.0,20.3
2025-11-17 16:30:00+00:00,8.3,0,8.5,52.8,9.0,0,0.0,0.0,21.3
2025-11-17 17:00:00+00:00,8.4,0,8.6,52.8,9.1,0,0.0,0.0,21.1
2025-11-17 17:30:00+00:00,8.3,0,8.5,53.0,9.1,0,0.0,0.0,21.0
2025-11-17 18:00:00+00:00,8.3,0,8.4,53.3,9.1,0,0.0,0.0,20.9
2025-11-17 18:30:00+00:00,8.5,0,7.8,53.6,9.3,0,0.0,0.0,20.8
2025-11-17 19:00:00+00:00,8.6,0,7.9,54.1,9.5,0,0.0,0.0,20.0
2025-11-17 19:30:00+00:00,8.7,0,8.0,54.0,9.6,0,0.0,0.0,19.6
2025-11-17 20:00:00+00:00,8.8,0,8.1,52.3,9.8,0,0.0,0.0,20.9
2025-11-17 20:30:00+00:00,9.3,0,8.6,51.1,10.3,0,0.0,0.0,20.6
2025-11-17 21:00:00+00:00,9.8,0,9.1,49.5,10.8,0,0.0,0.0,20.8
2025-11-17 21:30:00+00:00,10.2,0,12.6,44.5,11.2,0,0.0,0.0,21.4
2025-11-17 22:00:00+00:00,10.7,0,13.5,40.4,11.9,0,0.0,0.0,23.4
2025-11-17 22:30:00+00:00,11.1,0,14.8,37.7,12.3,0,0.0,0.0,24.1
2025-11-17 23:00:00+00:00,11.5,0,15.3,35.8,12.7,0,0.0,0.0,24.6
2025-11-17 23:30:00+00:00,11.5,0,16.5,34.0,12.8,0,0.0,0.0,25.3
2025-11-18 00:00:00+00:00,11.5,0,16.5,33.9,12.8,0,0.0,0.0,25.4
2025-11-18 00:30:00+00:00,11.5,0,16.1,35.0,12.7,0,0.0,0.0,24.7
2025-11-18 01:00:00+00:00,11.7,0,16.3,34.0,13.0,0,0.0,0.0,25.0
2025-11-18 01:30:00+00:00,12.0,0,16.5,34.5,13.3,0,0.0,0.0,23.6
2025-11-18 02:00:00+00:00,12.0,0,16.5,34.2,13.4,0,0.0,0.0,23.8
2025-11-18 02:30:00+00:00,12.0,0,16.8,33.3,13.5,0,0.0,0.0,24.4
2025-11-18 03:00:00+00:00,12.2,0,16.7,32.0,13.7,0,0.0,0.0,25.3
2025-11-18 03:30:00+00:00,12.6,0,12.6,32.6,14.1,0,0.0,0.0,28.0
2025-11-18 04:00:00+00:00,12.5,0,12.0,32.4,14.0,0,0.0,0.0,29.1
2025-11-18 04:30:00+00:00,12.2,0,6.5,36.5,13.6,0,0.0,0.0,31.2
2025-11-18 05:00:00+00:00,11.5,0,5.7,36.9,12.9,0,0.0,0.0,32.9
2025-11-18 05:30:00+00:00,10.7,0,1.9,45.7,12.0,0,0.0,0.0,29.7
2025-11-18 06:00:00+00:00,9.7,0,1.4,51.6,10.9,0,0.0,0.0,26.3
2025-11-18 06:30:00+00:00,9.2,0,1.3,54.4,10.3,0,0.0,0.0,24.9
2025-11-18 07:00:00+00:00,9.0,0,1.4,55.3,10.1,0,0.0,0.0,24.2
2025-11-18 07:30:00+00:00,8.6,0,4.9,53.0,9.7,0,0.0,0.0,23.7
2025-11-18 08:00:00+00:00,8.7,0,5.3,52.8,9.7,0,0.0,0.5,23.0
2025-11-18 08:30:00+00:00,8.4,0,7.6,51.4,9.4,0,0.0,1.8,21.3
2025-11-18 09:00:00+00:00,8.3,0,7.6,50.6,9.4,0,0.0,2.9,21.1
2025-11-18 09:30:00+00:00,8.1,0,9.1,48.9,9.1,0,0.0,4.7,20.1
2025-11-18 10:00:00+00:00,8.1,0,7.9,48.7,9.1,0,0.0,6.6,19.7
2025-11-18 10:30:00+00:00,8.0,0,7.0,48.2,9.0,0,0.0,7.8,19.9
2025-11-18 11:00:00+00:00,8.0,0,7.0,45.9,9.0,0,0.0,9.1,20.9
2025-11-18 11:30:00+00:00,8.1,0,7.4,43.2,9.1,0,0.0,9.5,22.7
2025-11-18 12:00:00+00:00,8.0,0,7.5,42.9,9.0,0,0.0,9.2,23.3
2025-11-18 12:30:00+00:00,7.9,0,4.9,45.1,8.9,0,0.0,8.5,24.7
2025-11-18 13:00:00+00:00,7.9,0,4.3,45.4,8.9,0,0.0,7.4,26.0
2025-11-18 13:30:00+00:00,8.1,0,3.0,47.5,9.1,0,0.0,6.1,26.2
2025-11-18 14:00:00+00:00,8.1,0,2.8,49.3,9.2,0,0.0,4.5,26.0
2025-11-18 14:30:00+00:00,8.1,0,3.9,50.6,9.0,0,0.0,2.9,25.5
2025-11-18 15:00:00+00:00,8.0,0,3.9,50.3,9.0,0,0.0,1.4,27.5
2025-11-18 15:30:00+00:00,8.0,0,3.4,49.5,9.1,0,0.0,0.3,29.7
2025-11-18 16:00:00+00:00,7.9,0,3.3,49.1,8.9,0,0.0,0.3,30.5
2025-11-18 16:30:00+00:00,7.9,0,1.7,50.6,8.9,0,0.0,0.3,30.6
2025-11-18 17:00:00+00:00,8.0,0,1.7,51.8,9.0,0,0.0,0.3,29.3
2025-11-18 17:30:00+00:00,8.0,0,1.3,52.3,8.9,0,0.0,0.0,29.6
2025-11-18 18:00:00+00:00,8.0,0,1.2,51.3,8.9,0,0.0,0.0,30.5
2025-11-18 18:30:00+00:00,8.1,0,1.9,50.6,9.1,0,0.0,0.0,30.4
2025-11-18 19:00:00+00:00,8.1,0,1.9,49.8,9.1,0,0.0,0.3,30.7
2025-11-18 19:30:00+00:00,8.2,0,3.1,47.6,9.2,0,0.0,0.0,31.9
2025-11-18 20:00:00+00:00,8.3,0,3.3,44.7,9.3,0,0.0,0.3,33.9
2025-11-18 20:30:00+00:00,8.8,0,4.0,40.7,9.9,0,0.0,0.0,36.6
2025-11-18 21:00:00+00:00,9.2,0,4.3,35.9,10.4,0,0.0,0.4,39.8
2025-11-18 21:30:00+00:00,9.9,0,6.3,31.0,11.1,0,0.0,0.0,41.7
2025-11-18 22:00:00+00:00,10.2,0,6.7,27.4,11.5,0,0.0,0.0,44.1
2025-11-18 22:30:00+00:00,10.9,0,7.1,21.5,12.3,0,0.0,0.0,48.1
2025-11-18 23:00:00+00:00,11.4,0,7.4,17.9,12.8,0,0.0,0.0,50.5
2025-11-18 23:30:00+00:00,11.5,0,6.8,16.4,13.0,0,0.0,0.0,52.3
2025-11-19 00:00:00+00:00,11.1,0,6.8,16.0,12.5,0,0.0,0.0,53.5
2025-11-19 00:30:00+00:00,10.9,0,5.8,15.3,12.3,0,0.0,0.0,55.7
2025-11-19 01:00:00+00:00,11.0,0,5.8,14.5,12.3,0,0.0,0.0,56.4
2025-11-19 01:30:00+00:00,10.8,0,5.7,14.6,12.2,0,0.0,0.0,56.7
2025-11-19 02:00:00+00:00,10.6,0,5.6,15.2,12.0,0,0.0,0.0,56.6
2025-11-19 02:30:00+00:00,10.4,0,4.8,15.4,11.9,0,0.0,0.0,57.5
2025-11-19 03:00:00+00:00,10.4,0,4.8,15.1,11.9,0,0.0,0.4,57.3
2025-11-19 03:30:00+00:00,10.6,0,4.4,15.3,12.1,0,0.0,0.0,57.6
2025-11-19 04:00:00+00:00,10.4,0,4.4,15.5,11.9,0,0.0,0.0,57.8
2025-11-19 04:30:00+00:00,10.2,0,3.4,17.4,11.7,0,0.0,0.0,57.2
2025-11-19 05:00:00+00:00,9.8,0,2.8,21.3,11.2,0,0.0,0.0,54.9
2025-11-19 05:30:00+00:00,9.0,0,1.6,28.1,10.4,0,0.0,0.0,50.9
2025-11-19 06:00:00+00:00,8.4,0,1.5,32.4,9.7,0,0.0,0.0,47.9
2025-11-19 06:30:00+00:00,8.0,0,1.3,35.7,9.3,0,0.0,0.0,45.6
2025-11-19 07:00:00+00:00,7.9,0,1.3,37.8,9.1,0,0.0,0.0,43.9
2025-11-19 07:30:00+00:00,7.7,0,3.2,37.6,8.9,0,0.0,0.0,42.5
2025-11-19 08:00:00+00:00,7.6,0,3.3,37.5,8.9,0,0.0,0.3,42.3
2025-11-19 08:30:00+00:00,7.4,0,3.5,36.3,8.6,0,0.0,1.5,42.7
2025-11-19 09:00:00+00:00,7.2,0,3.4,35.5,8.3,0,0.0,2.9,42.7
2025-11-19 09:30:00+00:00,7.2,0,3.4,34.3,8.3,0,0.0,4.3,42.5
2025-11-19 10:00:00+00:00,7.1,0,3.3,34.1,8.2,0,0.0,5.7,41.6
2025-11-19 10:30:00+00:00,7.0,0,3.3,32.9,8.1,0,0.0,7.2,41.5
2025-11-19 11:00:00+00:00,6.9,0,3.2,32.1,8.0,0,0.0,8.5,41.2
2025-11-19 11:30:00+00:00,6.8,0,3.2,31.5,7.9,0,0.0,9.4,41.1
2025-11-19 12:00:00+00:00,6.7,0,3.2,31.1,7.8,0,0.0,10.0,41.1
2025-11-19 12:30:00+00:00,6.7,0,3.2,31.2,7.8,0,0.0,10.1,41.0
2025-11-19 13:00:00+00:00,6.7,0,3.2,32.3,7.9,0,0.0,9.2,40.7
2025-11-19 13:30:00+00:00,6.9,0,3.2,33.4,7.9,0,0.0,8.2,40.4
2025-11-19 14:00:00+00:00,6.9,0,3.2,34.9,8.0,0,0.0,6.5,40.4
2025-11-19 14:30:00+00:00,7.0,0,3.2,37.0,8.0,0,0.0,4.3,40.4
2025-11-19 15:00:00+00:00,7.0,0,3.3,39.0,8.1,0,0.0,2.0,40.6
2025-11-19 15:30:00+00:00,7.1,0,3.3,40.7,8.1,0,0.0,0.4,40.3
2025-11-19 16:00:00+00:00,7.2,0,3.3,41.5,8.1,0,0.0,0.4,39.5
2025-11-19 16:30:00+00:00,7.2,0,3.2,41.6,8.2,0,0.0,0.3,39.6
2025-11-19 17:00:00+00:00,7.2,0,3.2,41.9,8.1,0,0.0,0.4,39.3
2025-11-19 17:30:00+00:00,7.3,0,3.1,42.3,8.3,0,0.0,0.0,39.1
2025-11-19 18:00:00+00:00,7.3,0,3.2,42.5,8.3,0,0.0,0.0,38.6
2025-11-19 18:30:00+00:00,7.3,0,5.0,41.3,8.3,0,0.0,0.0,38.2
2025-11-19 19:00:00+00:00,7.3,0,5.3,40.7,8.3,0,0.0,0.4,38.0
2025-11-19 19:30:00+00:00,7.4,0,6.8,37.9,8.4,0,0.0,0.0,39.5
2025-11-19 20:00:00+00:00,7.7,0,7.1,35.6,8.7,0,0.0,0.0,40.9
2025-11-19 20:30:00+00:00,8.0,0,7.1,33.9,9.1,0,0.0,0.0,41.9
2025-11-19 21:00:00+00:00,8.4,0,7.3,29.9,9.6,0,0.0,0.5,44.2
2025-11-19 21:30:00+00:00,8.9,0,6.1,27.4,10.1,0,0.0,0.0,47.4
2025-11-19 22:00:00+00:00,9.5,0,6.6,23.6,10.7,0,0.0,0.0,49.6
2025-11-19 22:30:00+00:00,9.9,0,7.2,19.2,11.3,0,0.0,0.0,52.3
2025-11-19 23:00:00+00:00,10.0,0,7.3,17.3,11.3,0,0.0,0.5,53.6
2025-11-19 23:30:00+00:00,10.1,0,7.4,17.9,11.4,0,0.0,0.0,53.1
2025-11-20 00:00:00+00:00,10.0,0,6.7,18.5,11.4,0,0.0,0.0,53.4
2025-11-20 00:30:00+00:00,10.0,0,6.5,18.7,11.4,0,0.0,0.0,53.5
2025-11-20 01:00:00+00:00,10.1,0,6.4,18.7,11.4,0,0.0,0.5,52.9
2025-11-20 01:30:00+00:00,10.0,0,6.1,18.9,11.3,0,0.0,0.0,53.7
2025-11-20 02:00:00+00:00,10.1,0,4.2,19.4,11.4,0,0.0,0.0,54.8
2025-11-20 02:30:00+00:00,10.1,0,4.8,19.9,11.5,0,0.0,0.0,53.7
2025-11-20 03:00:00+00:00,10.1,0,5.3,19.2,11.5,0,0.0,0.2,53.6
2025-11-20 03:30:00+00:00,10.2,0,4.2,20.3,11.6,0,0.0,0.0,53.6
2025-11-20 04:00:00+00:00,10.2,0,4.1,20.5,11.6,0,0.0,0.0,53.6
2025-11-20 04:30:00+00:00,10.2,0,0.9,23.7,11.6,0,0.0,0.0,53.5
2025-11-20 05:00:00+00:00,9.6,0,0.6,29.1,10.8,0,0.0,0.0,49.8
2025-11-20 05:30:00+00:00,8.7,0,0.0,36.7,9.8,0,0.0,0.0,44.7
2025-11-20 06:00:00+00:00,8.0,0,0.0,42.5,9.0,0,0.0,0.1,40.4
2025-11-20 06:30:00+00:00,7.5,0,0.0,46.8,8.5,0,0.0,0.0,37.1
2025-11-20 07:00:00+00:00,7.4,0,0.0,47.5,8.4,0,0.0,0.1,36.5
2025-11-20 07:30:00+00:00,7.5,0,0.8,48.1,8.4,0,0.0,0.0,35.2
2025-11-20 08:00:00+00:00,7.4,0,1.2,47.7,8.4,0,0.0,1.0,34.2
2025-11-20 08:30:00+00:00,7.1,0,2.0,46.3,8.1,0,0.0,3.2,33.2
2025-11-20 09:00:00+00:00,6.9,0,2.6,45.2,7.8,0,0.0,5.9,31.6
2025-11-20 09:30:00+00:00,6.8,0,3.1,43.5,7.8,0,0.0,8.4,30.3
2025-11-20 10:00:00+00:00,6.8,0,3.1,42.1,7.7,0,0.0,10.6,29.6
2025-11-20 10:30:00+00:00,6.8,0,2.9,40.9,7.7,0,0.0,11.7,30.0
2025-11-20 11:00:00+00:00,6.8,0,2.9,40.4,7.7,0,0.0,12.1,30.1
2025-11-20 11:30:00+00:00,6.7,0,2.9,40.3,7.6,0,0.0,12.1,30.4
2025-11-20 12:00:00+00:00,6.8,0,3.0,39.2,7.7,0,0.0,12.0,31.2
2025-11-20 12:30:00+00:00,6.8,0,2.8,41.3,7.7,0,0.0,10.8,30.5
2025-11-20 13:00:00+00:00,6.8,0,2.8,42.7,7.8,0,0.0,9.4,30.4
2025-11-20 13:30:00+00:00,6.8,0,3.1,43.6,7.8,0,0.0,7.9,30.7
2025-11-20 14:00:00+00:00,7.1,0,3.2,45.3,8.1,0,0.0,6.1,30.2
2025-11-20 14:30:00+00:00,7.1,0,4.3,46.0,8.1,0,0.0,3.8,30.6
2025-11-20 15:00:00+00:00,7.2,0,4.4,46.9,8.2,0,0.0,1.7,31.5
2025-11-20 15:30:00+00:00,7.4,0,4.7,47.4,8.4,0,0.0,0.3,31.9
2025-11-20 16:00:00+00:00,7.5,0,3.9,49.5,8.5,0,0.0,0.3,30.2
2025-11-20 16:30:00+00:00,7.5,0,1.8,51.0,8.6,0,0.0,0.3,30.7
2025-11-20 17:00:00+00:00,7.6,0,1.7,51.2,8.6,0,0.0,0.3,30.6
2025-11-20 17:30:00+00:00,7.5,0,2.1,52.2,8.5,0,0.0,0.0,29.6
2025-11-20 18:00:00+00:00,7.5,0,2.2,52.4,8.5,0,0.0,0.0,29.4
2025-11-20 18:30:00+00:00,7.4,0,2.9,51.3,8.4,0,0.0,0.0,30.0
2025-11-20 19:00:00+00:00,7.5,0,2.9,48.8,8.6,0,0.0,0.0,32.1
2025-11-20 19:30:00+00:00,7.5,0,1.8,51.1,8.6,0,0.0,0.0,31.0
2025-11-20 20:00:00+00:00,7.5,0,1.9,51.2,8.6,0,0.0,0.3,30.5
2025-11-20 20:30:00+00:00,7.9,0,0.8,52.9,8.9,0,0.0,0.0,29.5
2025-11-20 21:00:00+00:00,8.0,0,0.8,52.4,9.1,0,0.0,0.3,29.4
2025-11-20 21:30:00+00:00,8.3,0,0.1,52.5,9.4,0,0.0,0.0,29.5
2025-11-20 22:00:00+00:00,8.7,0,0.1,52.5,9.9,0,0.0,0.4,28.5
2025-11-20 22:30:00+00:00,8.9,0,0.9,52.3,10.1,0,0.0,0.0,27.8
2025-11-20 23:00:00+00:00,9.1,0,1.0,51.3,10.3,0,0.0,0.4,27.7
2025-11-20 23:30:00+00:00,9.4,0,1.6,51.2,10.7,0,0.0,0.0,27.1
2025-11-21 00:00:00+00:00,9.4,0,1.7,51.7,10.6,0,0.0,0.4,26.3
2025-11-21 00:30:00+00:00,9.4,0,2.4,52.0,10.4,0,0.0,0.0,25.9
2025-11-21 01:00:00+00:00,9.5,0,2.4,53.2,10.5,0,0.0,0.4,24.0
2025-11-21 01:30:00+00:00,9.7,0,2.7,54.8,10.8,0,0.0,0.0,21.9
2025-11-21 02:00:00+00:00,9.8,0,2.8,55.1,11.1,0,0.0,0.4,20.9
2025-11-21 02:30:00+00:00,9.8,0,3.5,55.5,11.1,0,0.0,0.0,20.1
2025-11-21 03:00:00+00:00,9.8,0,3.6,55.2,11.1,0,0.0,0.4,19.9
2025-11-21 03:30:00+00:00,9.9,0,3.5,56.4,11.3,0,0.0,0.0,18.9
2025-11-21 04:00:00+00:00,9.9,0,3.5,56.8,11.3,0,0.0,0.1,18.4
2025-11-21 04:30:00+00:00,9.9,0,1.2,59.3,11.2,0,0.0,0.0,18.4
2025-11-21 05:00:00+00:00,9.7,0,1.0,60.8,11.1,0,0.0,0.0,17.3
2025-11-21 05:30:00+00:00,9.7,0,0.0,61.7,11.1,0,0.0,0.0,17.5
2025-11-21 06:00:00+00:00,9.4,0,0.0,62.6,10.7,0,0.0,0.1,17.2
2025-11-21 06:30:00+00:00,9.3,0,1.6,62.1,10.7,0,0.0,0.0,16.2
2025-11-21 07:00:00+00:00,9.1,0,3.1,62.2,10.3,0,0.0,0.0,15.3
2025-11-21 07:30:00+00:00,9.0,0,4.7,62.6,10.2,0,0.0,0.0,13.5
2025-11-21 08:00:00+00:00,8.8,0,4.9,61.8,10.1,0,0.0,1.1,13.3
2025-11-21 08:30:00+00:00,8.4,0,6.2,58.5,9.6,0,0.0,4.4,12.9
2025-11-21 09:00:00+00:00,8.0,0,6.2,55.9,9.2,0,0.0,8.0,12.6
2025-11-21 09:30:00+00:00,7.8,0,6.7,53.4,8.9,0,0.0,11.1,12.0
2025-11-21 10:00:00+00:00,7.6,0,6.7,52.0,8.8,0,0.0,13.7,11.1
2025-11-21 10:30:00+00:00,7.5,0,6.6,50.9,8.6,0,0.0,15.3,11.0
2025-11-21 11:00:00+00:00,7.5,0,6.7,50.0,8.6,0,0.0,16.2,11.1
2025-11-21 11:30:00+00:00,7.6,0,7.6,46.3,8.7,0,0.0,16.9,12.9
2025-11-21 12:00:00+00:00,7.7,0,7.7,44.5,8.9,0,0.0,17.0,14.1
2025-11-21 12:30:00+00:00,7.9,0,6.7,44.7,9.0,0,0.0,15.9,15.7
2025-11-21 13:00:00+00:00,7.9,0,6.7,45.3,9.1,0,0.0,14.2,16.8
2025-11-21 13:30:00+00:00,7.9,0,4.9,48.3,9.2,0,0.0,11.5,18.1
2025-11-21 14:00:00+00:00,8.0,0,5.1,49.8,9.3,0,0.0,8.5,19.3
2025-11-21 14:30:00+00:00,8.1,0,6.9,48.6,9.4,0,0.0,5.3,21.6
2025-11-21 15:00:00+00:00,8.3,0,7.3,49.6,9.6,0,0.0,2.3,23.0
2025-11-21 15:30:00+00:00,8.6,0,4.8,53.0,10.0,0,0.0,0.4,23.3
2025-11-21 16:00:00+00:00,8.4,0,4.8,52.9,9.8,0,0.0,0.3,23.9
2025-11-21 16:30:00+00:00,8.2,0,5.6,51.8,9.6,0,0.0,0.1,24.6
2025-11-21 17:00:00+00:00,8.1,0,5.4,51.8,9.5,0,0.0,0.0,25.2
2025-11-21 17:30:00+00:00,8.2,0,3.3,52.5,9.5,0,0.0,0.0,26.4
2025-11-21 18:00:00+00:00,8.1,0,3.2,51.4,9.4,0,0.0,0.0,27.9
2025-11-21 18:30:00+00:00,8.1,0,2.2,50.2,9.4,0,0.0,0.0,30.0
2025-11-21 19:00:00+00:00,8.0,0,1.9,49.6,9.3,0,0.0,0.0,31.1
2025-11-21 19:30:00+00:00,8.0,0,1.4,49.2,9.4,0,0.0,0.0,31.9
2025-11-21 20:00:00+00:00,8.0,0,1.5,47.5,9.4,0,0.0,0.0,33.5
2025-11-21 20:30:00+00:00,8.2,0,1.6,45.1,9.6,0,0.0,0.0,35.5
2025-11-21 21:00:00+00:00,8.5,0,1.9,41.0,10.0,0,0.0,0.0,38.5
2025-11-21 21:30:00+00:00,8.9,0,2.4,36.8,10.4,0,0.0,0.0,41.6
2025-11-21 22:00:00+00:00,9.3,0,2.6,32.9,10.8,0,0.0,0.0,44.3
2025-11-21 22:30:00+00:00,9.7,0,4.0,27.5,11.4,0,0.0,0.0,47.4
2025-11-21 23:00:00+00:00,9.9,0,4.2,24.3,11.7,0,0.0,0.1,49.8
2025-11-21 23:30:00+00:00,10.0,0,4.3,22.3,11.7,0,0.0,0.0,51.6
2025-11-22 00:00:00+00:00,9.8,0,4.2,22.3,11.5,0,0.0,0.0,52.2
2025-11-22 00:30:00+00:00,9.9,0,3.8,21.6,11.6,0,0.0,0.0,53.1
2025-11-22 01:00:00+00:00,10.1,0,3.9,20.6,11.8,0,0.0,0.1,53.4
2025-11-22 01:30:00+00:00,9.8,0,4.2,20.8,12.0,0,0.0,0.0,53.1
2025-11-22 02:00:00+00:00,9.5,0,4.3,20.7,12.4,0,0.0,0.0,53.0
2025-11-22 02:30:00+00:00,9.7,0,4.6,19.2,12.6,0,0.0,0.0,53.8
2025-11-22 03:00:00+00:00,9.8,0,4.7,19.0,12.8,0,0.0,0.0,53.6
2025-11-22 03:30:00+00:00,10.0,0,4.7,19.0,13.0,0,0.0,0.0,53.2
2025-11-22 04:00:00+00:00,10.1,0,4.9,19.6,13.3,0,0.0,0.0,52.0
2025-11-22 04:30:00+00:00,10.2,0,4.8,21.9,13.5,0,0.0,0.0,49.5
2025-11-22 05:00:00+00:00,10.6,0,4.8,22.9,13.5,0,0.0,0.0,48.1
2025-11-22 05:30:00+00:00,11.2,0,4.7,24.6,13.3,0,0.0,0.0,46.2
2025-11-22 06:00:00+00:00,10.9,0,4.6,27.1,13.0,0,0.0,0.1,44.2
2025-11-22 06:30:00+00:00,10.7,0,4.5,29.3,12.7,0,0.0,0.0,42.8
2025-11-22 07:00:00+00:00,10.5,0,4.4,31.0,12.5,0,0.0,0.1,41.5
2025-11-22 07:30:00+00:00,10.2,0,7.4,29.6,12.1,0,0.0,0.1,40.6
2025-11-22 08:00:00+00:00,9.8,0,7.5,31.7,11.7,0,0.0,0.1,39.2
2025-11-22 08:30:00+00:00,9.3,0,12.9,28.9,11.1,0,0.0,0.6,37.1
2025-11-22 09:00:00+00:00,9.2,0,13.0,29.5,11.0,0,0.0,1.4,35.9
2025-11-22 09:30:00+00:00,9.1,0,13.6,29.4,10.9,0,0.0,2.0,35.0
2025-11-22 10:00:00+00:00,9.1,0,13.6,28.8,10.8,0,0.0,2.9,34.7
2025-11-22 10:30:00+00:00,9.0,0,13.5,29.0,10.8,0,0.0,3.6,34.1
2025-11-22 11:00:00+00:00,9.0,0,13.5,29.5,10.7,0,0.0,4.0,33.4
2025-11-22 11:30:00+00:00,8.9,0,13.3,30.7,10.6,0,0.0,4.3,32.2
2025-11-22 12:00:00+00:00,8.9,0,13.4,31.4,10.6,0,0.0,4.3,31.3
2025-11-22 12:30:00+00:00,8.9,0,13.4,31.7,10.7,0,0.0,4.1,31.1
2025-11-22 13:00:00+00:00,8.9,0,13.4,32.9,10.6,0,0.0,3.6,30.6
2025-11-22 13:30:00+00:00,9.0,0,12.1,34.3,10.8,0,0.0,3.1,30.6
2025-11-22 14:00:00+00:00,9.0,0,12.0,35.6,10.8,0,0.0,2.3,30.3
2025-11-22 14:30:00+00:00,9.0,0,11.1,37.7,10.9,0,0.0,1.3,30.0
2025-11-22 15:00:00+00:00,9.0,0,11.0,38.6,10.9,0,0.0,0.6,29.9
2025-11-22 15:30:00+00:00,8.9,0,11.3,39.2,10.8,0,0.0,0.1,29.6
2025-11-22 16:00:00+00:00,8.9,0,11.4,39.7,10.9,0,0.0,0.1,29.0
2025-11-22 16:30:00+00:00,8.9,0,12.8,39.3,10.8,0,0.0,0.1,28.0
2025-11-22 17:00:00+00:00,8.9,0,12.9,39.6,10.8,0,0.0,0.1,27.7
2025-11-22 17:30:00+00:00,9.0,0,12.7,40.0,10.9,0,0.0,0.0,27.4
2025-11-22 18:00:00+00:00,9.0,0,12.7,39.9,10.9,0,0.0,0.1,27.4
2025-11-22 18:30:00+00:00,9.1,0,13.4,39.0,11.1,0,0.0,0.0,27.4
2025-11-22 19:00:00+00:00,9.2,0,13.5,38.7,11.2,0,0.0,0.0,27.3
2025-11-22 19:30:00+00:00,9.5,0,13.9,37.4,11.5,0,0.0,0.0,27.6
2025-11-22 20:00:00+00:00,9.9,0,14.5,34.9,12.0,0,0.0,0.1,28.5
2025-11-22 20:30:00+00:00,10.4,0,14.5,32.8,12.6,0,0.0,0.0,29.6
2025-11-22 21:00:00+00:00,10.7,0,14.8,31.8,13.0,0,0.0,0.0,29.6
2025-11-22 21:30:00+00:00,11.1,0,15.5,30.0,13.6,0,0.0,0.0,29.7
2025-11-22 22:00:00+00:00,11.9,0,16.5,25.9,14.5,0,0.0,0.2,31.1
2025-11-22 22:30:00+00:00,13.0,0,19.2,18.0,15.9,0,0.0,0.0,33.9
2025-11-22 23:00:00+00:00,13.4,0,20.1,13.7,16.5,0,0.0,0.2,36.1
2025-11-22 23:30:00+00:00,13.5,0,20.1,11.4,16.5,0,0.0,0.0,38.5
2025-11-23 00:00:00+00:00,13.4,0,20.1,9.6,16.4,0,0.0,0.2,40.3
2025-11-23 00:30:00+00:00,13.0,0,19.6,9.3,16.0,0,0.0,0.0,41.9
2025-11-23 01:00:00+00:00,12.6,0,19.3,9.1,15.8,0,0.0,0.2,43.1
2025-11-23 01:30:00+00:00,12.0,0,17.2,9.2,15.9,0,0.0,0.0,45.6
2025-11-23 02:00:00+00:00,11.4,0,16.9,9.1,15.6,0,0.0,0.2,46.7
2025-11-23 02:30:00+00:00,12.1,0,10.7,9.7,16.6,0,0.1,0.0,50.9
2025-11-23 03:00:00+00:00,11.4,0,10.1,9.7,16.7,0,0.1,0.0,52.0
2025-11-23 03:30:00+00:00,9.5,0,9.7,9.6,16.6,0,0.1,0.0,54.5
2025-11-23 04:00:00+00:00,8.7,0,9.2,9.4,16.1,0,0.0,1.2,55.3
2025-11-23 04:30:00+00:00,9.4,0,6.4,9.4,16.4,0,0.1,0.0,58.3
2025-11-23 05:00:00+00:00,9.3,0,5.7,9.4,16.2,0,0.1,0.0,59.3
2025-11-23 05:30:00+00:00,8.8,0,4.9,9.1,15.7,0,0.1,0.0,61.5
2025-11-23 06:00:00+00:00,8.6,0,4.4,8.9,15.3,0,0.1,0.0,62.7
2025-11-23 06:30:00+00:00,8.3,0,6.0,8.6,14.8,0,0.1,0.0,62.3
2025-11-23 07:00:00+00:00,8.6,0,6.4,8.5,14.8,0,0.0,0.3,61.3
2025-11-23 07:30:00+00:00,9.1,0,7.3,7.6,14.7,0,0.0,0.3,61.1
2025-11-23 08:00:00+00:00,9.6,0,7.7,6.9,14.5,0,0.0,0.3,60.9
2025-11-23 08:30:00+00:00,9.0,0,10.5,6.4,13.7,0,0.0,1.6,58.7
2025-11-23 09:00:00+00:00,8.8,0,10.4,6.6,13.3,0,0.0,3.9,57.0
2025-11-23 09:30:00+00:00,8.4,0,10.7,5.7,12.7,0,0.0,6.9,55.6
2025-11-23 10:00:00+00:00,7.2,0,10.5,5.3,12.4,0,0.0,9.9,54.8
2025-11-23 10:30:00+00:00,5.7,0,12.3,5.3,11.8,0,0.0,12.0,53.0
2025-11-23 11:00:00+00:00,5.7,0,12.3,5.3,11.7,0,0.0,13.2,51.8
2025-11-23 11:30:00+00:00,5.7,0,13.9,5.7,11.7,0,0.0,13.2,49.8
2025-11-23 12:00:00+00:00,5.7,0,13.9,6.4,11.7,0,0.0,12.7,49.7
2025-11-23 12:30:00+00:00,5.9,0,12.5,7.4,12.0,0,0.0,12.1,50.0
2025-11-23 13:00:00+00:00,5.8,0,13.9,7.8,12.0,0,0.0,10.9,49.6
2025-11-23 13:30:00+00:00,7.0,0,11.8,8.4,12.5,0,0.0,9.5,50.9
2025-11-23 14:00:00+00:00,8.0,0,11.9,11.0,12.3,0,0.0,7.3,49.3
2025-11-23 14:30:00+00:00,7.8,0,12.4,15.4,11.9,0,0.0,4.6,47.8
2025-11-23 15:00:00+00:00,7.6,0,14.0,17.8,11.7,0,0.0,2.0,46.9
2025-11-23 15:30:00+00:00,7.7,0,13.5,19.5,11.7,0,0.0,0.3,47.4
2025-11-23 16:00:00+00:00,7.9,0,14.1,19.6,11.5,0,0.0,0.2,46.5
2025-11-23 16:30:00+00:00,8.5,0,14.0,20.1,11.4,0,0.0,0.1,45.8
2025-11-23 17:00:00+00:00,9.1,0,13.9,20.8,11.4,0,0.0,0.1,44.8
2025-11-23 17:30:00+00:00,9.1,0,13.8,20.5,11.3,0,0.0,0.0,45.3
2025-11-23 18:00:00+00:00,9.2,0,13.8,19.6,11.3,0,0.0,0.1,46.0
2025-11-23 18:30:00+00:00,9.2,0,13.8,19.6,11.3,0,0.0,0.0,46.0
2025-11-23 19:00:00+00:00,9.3,0,13.9,19.1,11.5,0,0.0,0.1,46.1
2025-11-23 19:30:00+00:00,9.7,0,12.6,18.4,11.9,0,0.0,0.0,47.4
2025-11-23 20:00:00+00:00,9.9,0,12.8,16.8,12.2,0,0.0,0.1,48.2
2025-11-23 20:30:00+00:00,10.5,0,12.4,13.3,12.9,0,0.0,0.0,50.7
2025-11-23 21:00:00+00:00,10.9,0,12.3,10.3,13.4,0,0.0,0.1,52.9
2025-11-23 21:30:00+00:00,11.3,0,9.3,10.0,13.9,0,0.0,0.0,55.6
2025-11-23 22:00:00+00:00,11.6,0,9.1,8.6,14.2,0,0.0,0.0,56.4
2025-11-23 22:30:00+00:00,12.0,0,7.3,8.1,14.8,0,0.0,0.0,57.8
2025-11-23 23:00:00+00:00,12.2,0,7.3,7.9,15.0,0,0.0,0.1,57.5
2025-11-23 23:30:00+00:00,12.2,0,8.1,8.1,15.0,0,0.0,0.0,56.5
2025-11-24 00:00:00+00:00,12.3,0,8.2,8.5,15.1,0,0.0,0.0,55.8
2025-11-24 00:30:00+00:00,12.3,0,8.7,9.1,15.1,0,0.0,0.0,54.9
2025-11-24 01:00:00+00:00,12.4,0,8.7,8.8,15.2,0,0.0,0.0,54.9
2025-11-24 01:30:00+00:00,12.4,0,8.4,9.6,15.2,0,0.0,0.0,54.4
2025-11-24 02:00:00+00:00,12.6,0,8.5,9.3,15.4,0,0.0,0.0,54.2
2025-11-24 02:30:00+00:00,12.8,0,8.1,9.3,15.7,0,0.1,0.0,54.1
2025-11-24 03:00:00+00:00,13.0,0,8.0,10.1,15.9,0,0.1,0.0,53.0
2025-11-24 03:30:00+00:00,13.0,0,7.8,11.4,15.9,0,0.1,0.0,51.8
2025-11-24 04:00:00+00:00,12.8,0,7.5,13.3,15.7,0,0.1,0.1,50.5
2025-11-24 04:30:00+00:00,12.5,0,6.8,17.2,15.4,0,0.0,0.0,48.1
2025-11-24 05:00:00+00:00,11.7,0,6.2,23.9,14.5,0,0.0,0.0,43.7
2025-11-24 05:30:00+00:00,10.6,0,4.2,34.1,13.1,0,0.0,0.0,37.9
2025-11-24 06:00:00+00:00,9.7,0,3.6,40.3,11.8,0,0.0,0.3,34.3
2025-11-24 06:30:00+00:00,8.8,0,3.5,45.9,10.9,0,0.0,0.0,30.8
2025-11-24 07:00:00+00:00,8.5,0,3.4,47.5,10.5,0,0.0,0.1,30.0
2025-11-24 07:30:00+00:00,8.3,0,3.8,48.2,10.3,0,0.0,0.3,28.9
2025-11-24 08:00:00+00:00,8.3,0,3.8,49.0,10.4,0,0.0,0.4,28.1
2025-11-24 08:30:00+00:00,8.1,0,4.2,48.3,10.1,0,0.0,1.5,27.8
2025-11-24 09:00:00+00:00,8.0,0,4.1,47.4,9.9,0,0.0,2.9,27.6
2025-11-24 09:30:00+00:00,8.0,0,3.7,47.3,9.9,0,0.0,3.9,27.1
2025-11-24 10:00:00+00:00,7.9,0,3.6,46.8,9.8,0,0.0,4.9,26.9
2025-11-24 10:30:00+00:00,7.8,0,3.6,46.2,9.7,0,0.0,5.4,27.4
2025-11-24 11:00:00+00:00,7.7,0,3.6,45.7,9.6,0,0.0,5.6,27.9
2025-11-24 11:30:00+00:00,7.7,0,3.5,46.0,9.6,0,0.0,5.5,27.7
2025-11-24 12:00:00+00:00,7.6,0,3.5,46.0,9.5,0,0.0,5.2,28.1
2025-11-24 12:30:00+00:00,7.6,0,3.5,46.0,9.5,0,0.0,4.7,28.7
2025-11-24 13:00:00+00:00,7.5,0,3.5,45.7,9.3,0,0.0,4.0,30.1
2025-11-24 13:30:00+00:00,7.3,0,3.4,44.1,9.2,0,0.0,3.4,32.7
2025-11-24 14:00:00+00:00,7.1,0,3.3,43.1,8.9,0,0.0,2.6,35.0
2025-11-24 14:30:00+00:00,7.2,0,2.8,42.1,8.9,0,0.0,1.7,37.2
2025-11-24 15:00:00+00:00,7.3,0,2.5,42.6,9.0,0,0.0,0.8,37.9
2025-11-24 15:30:00+00:00,7.2,0,3.3,42.8,8.9,0,0.0,0.1,37.6
2025-11-24 16:00:00+00:00,7.2,0,3.3,42.8,8.9,0,0.0,0.1,37.7
2025-11-24 16:30:00+00:00,7.2,0,3.3,42.7,8.9,0,0.0,0.1,37.9
2025-11-24 17:00:00+00:00,7.2,0,3.3,42.7,8.9,0,0.0,0.1,37.7
2025-11-24 17:30:00+00:00,7.2,0,3.3,42.3,8.9,0,0.0,0.0,38.2
2025-11-24 18:00:00+00:00,7.3,0,3.3,41.9,8.9,0,0.0,0.0,38.5
2025-11-24 18:30:00+00:00,7.4,0,3.4,42.0,9.1,0,0.0,0.0,38.1
2025-11-24 19:00:00+00:00,7.5,0,3.4,41.6,9.2,0,0.0,0.1,38.1
2025-11-24 19:30:00+00:00,7.6,0,3.5,40.5,9.4,0,0.0,0.0,38.9
2025-11-24 20:00:00+00:00,7.8,0,3.6,38.1,9.7,0,0.0,0.0,40.8
2025-11-24 20:30:00+00:00,8.1,0,3.7,35.3,10.0,0,0.0,0.0,43.0
2025-11-24 21:00:00+00:00,8.4,0,3.9,31.3,10.5,0,0.0,0.1,45.7
2025-11-24 21:30:00+00:00,8.8,0,4.1,27.9,11.0,0,0.0,0.0,48.2
2025-11-24 22:00:00+00:00,9.3,0,4.2,25.2,11.5,0,0.0,0.0,49.7
2025-11-24 22:30:00+00:00,9.9,0,4.5,21.6,12.2,0,0.0,0.0,51.8
2025-11-24 23:00:00+00:00,10.0,0,4.6,20.2,12.5,0,0.0,0.1,52.5
2025-11-24 23:30:00+00:00,10.2,0,4.7,19.4,12.7,0,0.0,0.0,53.0
2025-11-25 00:00:00+00:00,10.2,0,4.8,21.3,12.6,0,0.0,0.2,50.9
2025-11-25 00:30:00+00:00,10.0,0,4.7,21.8,12.5,0,0.0,0.0,51.0
2025-11-25 01:00:00+00:00,10.4,0,4.8,20.3,13.0,0,0.0,0.2,51.3
2025-11-25 01:30:00+00:00,10.5,0,4.9,21.5,13.2,0,0.0,0.0,49.9
2025-11-25 02:00:00+00:00,10.5,0,4.8,22.1,13.2,0,0.0,0.2,49.1
2025-11-25 02:30:00+00:00,10.5,0,4.9,21.5,13.3,0,0.0,0.0,49.8
2025-11-25 03:00:00+00:00,10.8,0,4.9,21.0,13.4,0,0.0,0.2,49.7
2025-11-25 03:30:00+00:00,10.9,0,5.0,21.4,13.5,0,0.0,0.0,49.3
2025-11-25 04:00:00+00:00,10.8,0,4.9,21.5,13.4,0,0.0,1.3,48.2
2025-11-25 04:30:00+00:00,10.8,0,5.4,22.8,13.4,0,0.0,0.0,47.5
2025-11-25 05:00:00+00:00,10.5,0,5.3,25.4,13.1,0,0.0,0.6,45.0
2025-11-25 05:30:00+00:00,9.7,0,2.1,36.5,12.0,0,0.0,0.0,39.6
2025-11-25 06:00:00+00:00,9.0,0,1.7,42.3,11.1,0,0.0,0.0,35.8
2025-11-25 06:30:00+00:00,8.4,0,3.3,46.3,10.4,0,0.0,0.0,31.7
2025-11-25 07:00:00+00:00,8.0,0,3.2,50.0,9.9,0,0.0,0.1,28.8
2025-11-25 07:30:00+00:00,7.7,0,3.4,52.7,9.6,0,0.0,0.6,25.9
2025-11-25 08:00:00+00:00,7.7,0,3.4,54.1,9.6,0,0.0,0.6,24.6
2025-11-25 08:30:00+00:00,7.6,0,2.4,53.7,9.4,0,0.0,3.0,23.9
2025-11-25 09:00:00+00:00,7.5,0,2.4,53.6,9.3,0,0.0,6.1,21.0
2025-11-25 09:30:00+00:00,7.3,0,3.8,51.5,9.1,0,0.0,8.9,19.3
2025-11-25 10:00:00+00:00,7.2,0,3.8,49.6,9.0,0,0.0,11.3,19.0
2025-11-25 10:30:00+00:00,7.2,0,4.4,48.2,9.0,0,0.0,13.0,18.1
2025-11-25 11:00:00+00:00,7.3,0,4.4,47.8,9.0,0,0.0,13.9,17.6
2025-11-25 11:30:00+00:00,7.3,0,4.5,48.0,9.1,0,0.0,14.2,16.9
2025-11-25 12:00:00+00:00,7.4,0,4.5,47.6,9.2,0,0.0,14.1,17.2
2025-11-25 12:30:00+00:00,7.5,0,5.5,47.0,9.3,0,0.0,13.3,17.3
2025-11-25 13:00:00+00:00,7.6,0,5.6,48.5,9.4,0,0.0,11.9,17.0
2025-11-25 13:30:00+00:00,7.7,0,4.9,50.8,9.6,0,0.0,9.8,17.2
2025-11-25 14:00:00+00:00,7.8,0,4.9,52.2,9.7,0,0.0,7.7,17.8
2025-11-25 14:30:00+00:00,8.1,0,3.8,54.1,10.1,0,0.0,4.9,18.9
2025-11-25 15:00:00+00:00,8.3,0,3.8,56.1,10.4,0,0.0,1.9,19.5
2025-11-25 15:30:00+00:00,8.2,0,7.9,54.9,10.4,0,0.0,0.2,18.3
2025-11-25 16:00:00+00:00,8.1,0,8.3,55.2,10.3,0,0.0,0.4,17.6
2025-11-25 16:30:00+00:00,8.3,0,8.0,55.3,10.4,0,0.0,0.2,17.7
2025-11-25 17:00:00+00:00,8.2,0,8.1,55.2,10.5,0,0.0,0.0,17.9
2025-11-25 17:30:00+00:00,8.0,0,9.6,54.6,10.5,0,0.0,0.0,17.3
2025-11-25 18:00:00+00:00,7.9,0,9.7,54.5,10.4,0,0.0,0.0,17.3
2025-11-25 18:30:00+00:00,7.8,0,9.9,53.4,10.3,0,0.0,0.0,18.4
2025-11-25 19:00:00+00:00,7.8,0,10.1,53.4,10.4,0,0.0,0.0,18.2
2025-11-25 19:30:00+00:00,8.0,0,9.5,54.3,10.6,0,0.0,0.0,17.5
2025-11-25 20:00:00+00:00,8.1,0,9.5,54.5,10.7,0,0.0,0.0,17.2
2025-11-25 20:30:00+00:00,8.4,0,7.3,56.4,11.1,0,0.0,0.0,16.8
2025-11-25 21:00:00+00:00,8.9,0,7.6,55.1,11.6,0,0.0,0.0,16.8
2025-11-25 21:30:00+00:00,9.3,0,8.4,53.2,11.9,0,0.0,0.0,17.2
2025-11-25 22:00:00+00:00,9.8,0,8.8,51.0,12.4,0,0.0,0.1,18.0
2025-11-25 22:30:00+00:00,10.4,0,8.1,49.7,13.2,0,0.0,0.0,18.6
2025-11-25 23:00:00+00:00,10.6,0,8.4,48.7,13.4,0,0.0,0.1,18.9
2025-11-25 23:30:00+00:00,10.6,0,8.2,48.3,13.5,0,0.0,0.0,19.4
2025-11-26 00:00:00+00:00,10.7,0,8.1,48.0,13.6,0,0.0,0.0,19.4
2025-11-26 00:30:00+00:00,10.7,0,7.8,47.5,13.6,0,0.0,0.0,20.5
2025-11-26 01:00:00+00:00,10.6,0,7.6,46.3,13.5,0,0.0,0.0,22.1
2025-11-26 01:30:00+00:00,10.7,0,6.6,46.5,13.6,0,0.0,0.0,22.5
2025-11-26 02:00:00+00:00,10.7,0,6.5,46.4,13.6,0,0.0,0.1,22.7
2025-11-26 02:30:00+00:00,10.8,0,5.5,46.9,13.7,0,0.0,0.0,23.1
2025-11-26 03:00:00+00:00,10.6,0,5.4,46.1,13.5,0,0.0,0.1,24.3
2025-11-26 03:30:00+00:00,10.5,0,5.4,46.7,13.4,0,0.0,0.0,24.0
2025-11-26 04:00:00+00:00,10.3,0,5.3,47.5,13.1,0,0.0,0.0,23.7
2025-11-26 04:30:00+00:00,10.0,0,4.4,50.3,12.7,0,0.0,0.0,22.5
2025-11-26 05:00:00+00:00,9.5,0,3.5,52.6,12.0,0,0.0,0.6,21.7
2025-11-26 05:30:00+00:00,9.0,0,2.2,55.6,11.5,0,0.0,0.0,21.6
2025-11-26 06:00:00+00:00,8.6,0,2.3,57.0,10.9,0,0.0,0.0,21.2
2025-11-26 06:30:00+00:00,8.1,0,2.8,57.6,10.5,0,0.0,0.0,20.9
2025-11-26 07:00:00+00:00,7.7,0,2.8,57.9,10.2,0,0.0,0.1,21.3
2025-11-26 07:30:00+00:00,7.6,0,2.7,57.4,10.0,0,0.0,0.7,21.6
2025-11-26 08:00:00+00:00,7.5,0,2.9,56.8,9.9,0,0.0,0.7,22.1
2025-11-26 08:30:00+00:00,7.1,0,4.8,53.6,9.4,0,0.0,3.0,22.1
2025-11-26 09:00:00+00:00,6.9,0,4.9,50.9,9.1,0,0.0,5.9,22.3
2025-11-26 09:30:00+00:00,6.8,0,3.9,49.7,8.9,0,0.0,8.1,22.7
2025-11-26 10:00:00+00:00,6.6,0,3.7,48.4,8.8,0,0.0,9.6,22.8
2025-11-26 10:30:00+00:00,6.5,0,3.6,47.5,8.6,0,0.0,10.5,23.3
2025-11-26 11:00:00+00:00,6.4,0,3.4,46.9,8.5,0,0.0,10.8,23.9
2025-11-26 11:30:00+00:00,6.5,0,3.7,46.4,8.6,0,0.0,10.6,24.2
2025-11-26 12:00:00+00:00,6.5,0,4.3,46.0,8.6,0,0.0,9.6,25.0
2025-11-26 12:30:00+00:00,6.5,0,4.3,45.7,8.6,0,0.0,8.4,26.4
2025-11-26 13:00:00+00:00,6.6,0,4.5,45.9,8.7,0,0.0,6.9,27.3
2025-11-26 13:30:00+00:00,6.6,0,3.9,47.1,8.7,0,0.0,5.2,28.5
2025-11-26 14:00:00+00:00,6.7,0,3.5,47.5,8.9,0,0.0,3.5,29.9
2025-11-26 14:30:00+00:00,6.8,0,3.3,47.6,9.0,0,0.0,1.9,31.4
2025-11-26 15:00:00+00:00,6.9,0,3.3,46.7,9.1,0,0.0,0.7,33.3
2025-11-26 15:30:00+00:00,6.9,0,1.9,47.0,9.2,0,0.0,0.1,34.9
2025-11-26 16:00:00+00:00,6.9,0,1.8,46.8,9.1,0,0.0,0.1,35.3
2025-11-26 16:30:00+00:00,7.0,0,0.2,47.4,9.2,0,0.0,0.0,36.2
2025-11-26 17:00:00+00:00,7.0,0,0.0,47.1,9.2,0,0.0,0.1,36.5
2025-11-26 17:30:00+00:00,6.9,0,0.2,47.0,9.1,0,0.0,0.0,36.7
2025-11-26 18:00:00+00:00,6.9,0,0.3,46.8,9.0,0,0.0,0.0,36.9
2025-11-26 18:30:00+00:00,6.9,0,2.6,45.0,8.8,0,0.0,0.0,36.6
2025-11-26 19:00:00+00:00,7.2,0,2.8,43.3,9.0,0,0.0,0.1,37.5
2025-11-26 19:30:00+00:00,7.3,0,3.7,40.9,9.1,0,0.0,0.0,39.0
2025-11-26 20:00:00+00:00,7.5,0,4.0,37.8,9.4,0,0.0,0.0,41.3
2025-11-26 20:30:00+00:00,7.9,0,3.3,34.6,9.9,0,0.0,0.0,44.3
2025-11-26 21:00:00+00:00,8.3,0,3.5,30.0,10.5,0,0.0,0.1,47.6
2025-11-26 21:30:00+00:00,8.6,0,5.0,25.9,10.8,0,0.0,0.0,49.6
2025-11-26 22:00:00+00:00,9.1,0,5.7,21.1,11.5,0,0.0,0.0,52.5
2025-11-26 22:30:00+00:00,9.8,0,4.8,17.3,12.3,0,0.0,0.0,55.6
2025-11-26 23:00:00+00:00,9.8,0,4.6,15.8,12.6,0,0.0,0.1,57.1
2025-11-26 23:30:00+00:00,9.8,0,4.3,15.8,12.7,0,0.0,0.0,57.4
2025-11-27 00:00:00+00:00,9.7,0,4.2,16.6,12.6,0,0.0,0.0,56.8
2025-11-27 00:30:00+00:00,9.7,0,3.5,16.7,12.7,0,0.0,0.0,57.3
2025-11-27 01:00:00+00:00,9.8,0,3.3,16.6,12.7,0,0.0,0.0,57.5
2025-11-27 01:30:00+00:00,9.9,0,2.2,16.6,12.9,0,0.0,0.0,58.3
2025-11-27 02:00:00+00:00,9.9,0,2.1,16.0,12.9,0,0.0,0.0,59.0
2025-11-27 02:30:00+00:00,10.3,0,1.6,13.5,13.4,0,0.0,0.0,61.1
2025-11-27 03:00:00+00:00,10.3,0,1.6,12.8,13.4,0,0.0,0.0,61.8
2025-11-27 03:30:00+00:00,10.2,0,1.9,13.9,13.3,0,0.0,0.0,60.7
2025-11-27 04:00:00+00:00,10.4,0,2.0,12.8,13.5,0,0.0,0.3,61.1
2025-11-27 04:30:00+00:00,10.2,0,3.4,13.2,13.3,0,0.0,0.0,59.8
2025-11-27 05:00:00+00:00,10.3,0,3.5,13.5,13.4,0,0.0,0.2,59.2
2025-11-27 05:30:00+00:00,10.1,0,4.3,15.7,13.1,0,0.0,0.0,56.8
2025-11-27 06:00:00+00:00,9.7,0,4.0,19.9,12.5,0,0.0,0.2,53.8
2025-11-27 06:30:00+00:00,9.3,0,3.2,23.3,12.1,0,0.0,0.0,52.0
2025-11-27 07:00:00+00:00,9.1,0,3.2,23.9,11.8,0,0.0,0.1,51.9
2025-11-27 07:30:00+00:00,8.8,0,5.1,22.5,11.4,0,0.0,0.2,52.0
2025-11-27 08:00:00+00:00,8.6,0,5.5,22.3,11.2,0,0.0,0.2,52.0
2025-11-27 08:30:00+00:00,8.6,0,5.4,21.3,11.2,0,0.0,0.9,52.6
2025-11-27 09:00:00+00:00,8.5,0,5.4,20.0,10.9,0,0.0,1.6,53.6
2025-11-27 09:30:00+00:00,8.5,0,5.3,19.3,10.6,0,0.0,2.2,53.9
2025-11-27 10:00:00+00:00,8.4,0,5.2,19.0,10.4,0,0.0,3.0,54.0
2025-11-27 10:30:00+00:00,8.3,0,5.1,18.8,10.3,0,0.0,3.2,54.3
2025-11-27 11:00:00+00:00,8.2,0,5.1,18.5,10.2,0,0.0,3.4,54.5
2025-11-27 11:30:00+00:00,8.1,0,5.3,18.1,10.7,0,0.0,3.5,54.3
2025-11-27 12:00:00+00:00,7.9,0,5.4,17.7,11.4,0,0.0,3.3,54.1
2025-11-27 12:30:00+00:00,8.3,0,2.8,19.2,10.8,0,0.0,2.8,56.0
2025-11-27 13:00:00+00:00,8.2,0,3.0,18.7,10.7,0,0.0,2.5,56.9
2025-11-27 13:30:00+00:00,8.2,0,3.0,19.0,10.7,0,0.0,2.2,57.0
2025-11-27 14:00:00+00:00,8.3,0,2.9,18.9,10.8,0,0.0,1.6,57.5
2025-11-27 14:30:00+00:00,8.3,0,3.8,18.6,10.8,0,0.0,1.0,57.5
2025-11-27 15:00:00+00:00,8.3,0,3.9,19.2,10.7,0,0.0,0.4,57.5
2025-11-27 15:30:00+00:00,8.3,0,3.9,19.2,10.7,0,0.0,0.0,57.9
2025-11-27 16:00:00+00:00,8.3,0,4.0,20.9,10.5,0,0.0,0.1,56.2
2025-11-27 16:30:00+00:00,8.1,0,5.5,21.1,10.2,0,0.0,0.0,55.0
2025-11-27 17:00:00+00:00,8.1,0,5.5,21.1,10.2,0,0.0,0.1,55.0
2025-11-27 17:30:00+00:00,8.3,0,5.6,20.8,10.3,0,0.0,0.0,55.0
2025-11-27 18:00:00+00:00,8.2,0,5.6,21.1,10.3,0,0.0,0.0,54.7
2025-11-27 18:30:00+00:00,8.3,0,6.3,20.6,10.6,0,0.0,0.0,54.2
2025-11-27 19:00:00+00:00,8.6,0,6.4,19.2,10.8,0,0.0,0.1,54.9
2025-11-27 19:30:00+00:00,8.9,0,5.9,18.0,11.1,0,0.0,0.0,56.2
2025-11-27 20:00:00+00:00,8.5,0,5.7,18.4,11.1,0,0.0,0.1,56.1
2025-11-27 20:30:00+00:00,7.6,0,3.8,20.8,11.2,0,0.0,0.0,56.6
2025-11-27 21:00:00+00:00,7.2,0,3.9,19.5,11.6,0,0.0,0.1,57.7
2025-11-27 21:30:00+00:00,6.2,0,3.3,19.1,12.0,0,0.0,0.0,59.4
2025-11-27 22:00:00+00:00,4.6,0,3.2,18.3,12.6,0,0.0,0.1,61.1
2025-11-27 22:30:00+00:00,4.1,0,2.0,20.3,12.5,0,0.0,0.0,61.1
2025-11-27 23:00:00+00:00,4.1,0,1.8,19.7,12.6,0,0.0,0.0,61.8
2025-11-27 23:30:00+00:00,4.2,0,0.9,20.1,12.6,0,0.0,0.0,62.2
2025-11-28 00:00:00+00:00,4.1,0,0.9,20.2,12.5,0,0.0,0.0,62.2
2025-11-28 00:30:00+00:00,4.1,0,1.4,19.9,12.5,0,0.0,0.0,62.0
2025-11-28 01:00:00+00:00,4.2,0,1.9,19.5,12.7,0,0.0,0.1,61.6
2025-11-28 01:30:00+00:00,4.2,0,1.2,19.8,12.8,0,0.0,0.0,62.0
2025-11-28 02:00:00+00:00,4.3,0,1.0,19.7,13.0,0,0.0,0.0,61.9
2025-11-28 02:30:00+00:00,4.4,0,0.5,17.9,13.5,0,0.0,0.0,63.6
2025-11-28 03:00:00+00:00,4.5,0,0.5,17.7,13.6,0,0.0,0.1,63.5
2025-11-28 03:30:00+00:00,4.3,0,0.9,19.3,13.3,0,0.0,0.0,62.1
2025-11-28 04:00:00+00:00,4.3,0,1.4,20.2,13.1,0,0.0,0.9,60.2
2025-11-28 04:30:00+00:00,5.0,0,2.1,19.4,13.1,0,0.0,0.0,60.3
2025-11-28 05:00:00+00:00,6.0,0,2.3,18.9,13.0,0,0.0,0.0,59.8
2025-11-28 05:30:00+00:00,6.8,0,3.7,19.3,12.4,0,0.0,0.0,57.7
2025-11-28 06:00:00+00:00,7.4,0,3.9,21.1,12.0,0,0.0,0.3,55.3
2025-11-28 06:30:00+00:00,7.4,0,4.2,21.5,11.9,0,0.0,0.0,55.1
2025-11-28 07:00:00+00:00,7.4,0,3.9,22.2,11.5,0,0.0,0.3,54.6
2025-11-28 07:30:00+00:00,7.5,0,5.1,19.8,11.5,0,0.0,0.3,55.8
2025-11-28 08:00:00+00:00,7.1,0,5.2,19.7,11.5,0,0.0,0.3,56.2
2025-11-28 08:30:00+00:00,7.1,0,5.9,18.8,11.2,0,0.0,1.7,55.2
2025-11-28 09:00:00+00:00,7.0,0,5.9,17.4,11.1,0,0.0,4.3,54.3
2025-11-28 09:30:00+00:00,6.9,0,6.1,16.5,10.8,0,0.0,6.7,53.0
2025-11-28 10:00:00+00:00,7.0,0,6.0,15.3,10.6,0,0.0,8.9,52.2
2025-11-28 10:30:00+00:00,7.4,0,4.7,15.1,10.4,0,0.0,10.4,52.0
2025-11-28 11:00:00+00:00,8.1,0,4.6,14.0,10.3,0,0.0,11.0,52.1
2025-11-28 11:30:00+00:00,8.1,0,4.5,14.7,10.2,0,0.0,10.6,51.9
2025-11-28 12:00:00+00:00,8.1,0,4.5,14.4,10.2,0,0.0,10.1,52.8
2025-11-28 12:30:00+00:00,8.0,0,4.5,14.5,10.2,0,0.0,9.2,53.6
2025-11-28 13:00:00+00:00,8.1,0,4.5,15.1,10.3,0,0.0,8.0,53.9
2025-11-28 13:30:00+00:00,8.2,0,4.2,16.0,10.4,0,0.0,6.8,54.4
2025-11-28 14:00:00+00:00,8.2,0,4.5,17.3,10.5,0,0.0,5.1,54.4
2025-11-28 14:30:00+00:00,8.3,0,4.8,18.7,10.5,0,0.0,3.1,54.6
2025-11-28 15:00:00+00:00,8.5,0,4.9,19.5,10.6,0,0.0,1.1,55.2
2025-11-28 15:30:00+00:00,8.5,0,5.2,19.5,10.7,0,0.0,0.2,55.9
2025-11-28 16:00:00+00:00,8.4,0,5.1,20.1,10.6,0,0.0,0.1,55.6
2025-11-28 16:30:00+00:00,8.3,0,5.7,21.2,10.4,0,0.0,0.1,54.4
2025-11-28 17:00:00+00:00,8.3,0,5.8,21.0,10.5,0,0.0,0.1,54.3
2025-11-28 17:30:00+00:00,8.4,0,6.6,19.4,10.5,0,0.0,0.0,55.0
2025-11-28 18:00:00+00:00,8.7,0,6.7,18.6,10.8,0,0.0,0.1,55.2
2025-11-28 18:30:00+00:00,8.7,0,7.9,18.4,10.8,0,0.0,0.0,54.3
2025-11-28 19:00:00+00:00,8.7,0,8.0,18.1,10.8,0,0.0,0.0,54.3
2025-11-28 19:30:00+00:00,9.1,0,7.5,17.4,11.3,0,0.0,0.0,54.8
2025-11-28 20:00:00+00:00,9.4,0,7.7,16.3,11.7,0,0.0,0.0,54.8
2025-11-28 20:30:00+00:00,9.7,0,6.4,16.4,12.1,0,0.0,0.0,55.4
2025-11-28 21:00:00+00:00,10.0,0,6.5,15.4,12.4,0,0.0,0.1,55.6
2025-11-28 21:30:00+00:00,10.3,0,5.5,15.7,12.8,0,0.0,0.0,55.7
2025-11-28 22:00:00+00:00,10.7,0,5.7,13.7,13.3,0,0.0,0.1,56.4
2025-11-28 22:30:00+00:00,11.1,0,6.4,12.1,13.8,0,0.0,0.0,56.5
2025-11-28 23:00:00+00:00,11.5,0,6.7,11.4,14.3,0,0.0,0.1,55.8
2025-11-28 23:30:00+00:00,11.9,0,8.9,10.3,14.8,0,0.0,0.0,54.1
2025-11-29 00:00:00+00:00,11.8,0,9.2,9.9,14.7,0,0.0,0.1,54.1
2025-11-29 00:30:00+00:00,11.5,0,13.5,8.3,14.9,0,0.0,0.0,51.9
2025-11-29 01:00:00+00:00,11.4,0,12.9,8.3,15.7,0,0.0,0.0,51.6
2025-11-29 01:30:00+00:00,11.0,0,14.3,8.1,16.2,0,0.0,0.0,50.4
2025-11-29 02:00:00+00:00,10.3,0,14.8,7.9,16.6,0,0.0,0.0,50.3
2025-11-29 02:30:00+00:00,9.8,0,14.9,8.1,17.1,0,0.0,0.0,50.1
2025-11-29 03:00:00+00:00,9.8,0,15.2,8.4,17.6,0,0.1,0.0,49.1
2025-11-29 03:30:00+00:00,9.9,0,13.4,8.6,18.1,0,0.1,0.0,49.9
2025-11-29 04:00:00+00:00,9.8,0,12.8,8.8,18.0,0,0.1,0.0,50.5
2025-11-29 04:30:00+00:00,10.1,0,10.8,9.4,18.4,0,0.1,0.0,51.2
2025-11-29 05:00:00+00:00,10.3,0,10.1,11.1,18.6,0,0.1,0.1,49.8
2025-11-29 05:30:00+00:00,11.2,0,7.7,11.6,18.2,0,0.1,0.0,51.2
2025-11-29 06:00:00+00:00,11.8,0,7.1,13.3,17.2,0,0.1,0.1,50.5
2025-11-29 06:30:00+00:00,11.1,0,9.3,16.2,15.3,0,0.0,0.0,48.1
2025-11-29 07:00:00+00:00,11.3,0,9.0,17.2,14.5,0,0.0,0.0,47.9
2025-11-29 07:30:00+00:00,11.2,0,10.4,17.7,14.0,0,0.0,0.0,46.7
2025-11-29 08:00:00+00:00,10.9,0,10.2,19.2,13.5,0,0.0,0.0,46.2
2025-11-29 08:30:00+00:00,10.6,0,12.1,17.5,13.2,0,0.0,0.4,46.1
2025-11-29 09:00:00+00:00,10.3,0,11.9,18.8,12.8,0,0.0,1.1,45.1
2025-11-29 09:30:00+00:00,10.3,0,10.6,19.8,12.8,0,0.0,2.2,44.2
2025-11-29 10:00:00+00:00,10.1,0,10.5,19.6,12.6,0,0.0,3.4,43.8
2025-11-29 10:30:00+00:00,9.9,0,11.8,18.4,12.3,0,0.0,4.5,43.1
2025-11-29 11:00:00+00:00,9.7,0,11.1,17.9,12.2,0,0.0,5.8,43.4
2025-11-29 11:30:00+00:00,9.4,0,12.1,17.5,11.9,0,0.0,6.1,42.9
2025-11-29 12:00:00+00:00,9.4,0,12.2,16.3,11.9,0,0.0,6.8,43.4
2025-11-29 12:30:00+00:00,9.3,0,12.8,16.2,11.8,0,0.0,6.4,43.5
2025-11-29 13:00:00+00:00,9.4,0,12.7,15.4,11.8,0,0.0,5.9,44.8
2025-11-29 13:30:00+00:00,9.4,0,10.8,16.0,11.9,0,0.0,5.8,46.2
2025-11-29 14:00:00+00:00,9.5,0,10.8,15.8,12.0,0,0.0,4.4,47.5
2025-11-29 14:30:00+00:00,9.6,0,9.7,18.0,12.1,0,0.0,2.8,47.8
2025-11-29 15:00:00+00:00,9.6,0,8.7,20.4,12.0,0,0.0,1.1,48.1
2025-11-29 15:30:00+00:00,9.6,0,7.4,21.2,12.0,0,0.0,0.2,49.7
2025-11-29 16:00:00+00:00,9.6,0,7.3,21.5,11.9,0,0.0,0.3,49.5
2025-11-29 16:30:00+00:00,9.3,0,8.2,20.8,11.6,0,0.0,0.1,50.0
2025-11-29 17:00:00+00:00,9.3,0,8.1,21.1,11.6,0,0.0,0.0,49.9
2025-11-29 17:30:00+00:00,9.1,0,9.5,20.7,11.4,0,0.0,0.0,49.2
2025-11-29 18:00:00+00:00,9.2,0,10.8,19.0,11.4,0,0.0,0.0,49.6
2025-11-29 18:30:00+00:00,9.5,0,11.5,16.1,12.0,0,0.0,0.0,50.9
2025-11-29 19:00:00+00:00,9.5,0,11.5,16.1,12.0,0,0.0,0.0,50.9
2025-11-29 19:30:00+00:00,9.6,0,13.5,14.5,12.2,0,0.0,0.0,50.2
2025-11-29 20:00:00+00:00,9.7,0,13.1,14.3,12.5,0,0.0,0.0,50.2
2025-11-29 20:30:00+00:00,10.2,0,11.5,13.4,12.8,0,0.0,0.0,52.0
2025-11-29 21:00:00+00:00,10.2,0,13.2,10.8,13.2,0,0.0,0.0,52.6
2025-11-29 21:30:00+00:00,9.7,0,13.0,11.5,13.5,0,0.0,0.0,52.3
2025-11-29 22:00:00+00:00,9.5,0,12.9,12.0,13.5,0,0.0,0.0,52.0
2025-11-29 22:30:00+00:00,9.5,0,12.3,11.5,13.7,0,0.0,0.0,52.9
2025-11-29 23:00:00+00:00,9.8,0,12.7,10.0,14.0,0,0.0,0.0,53.5
2025-11-29 23:30:00+00:00,9.8,0,12.3,10.5,14.1,0,0.0,0.0,53.3
2025-11-30 00:00:00+00:00,10.1,0,12.1,10.2,14.2,0,0.0,0.0,53.5
2025-11-30 00:30:00+00:00,10.1,0,12.0,10.9,14.2,0,0.0,0.0,52.8
2025-11-30 01:00:00+00:00,10.3,0,11.2,11.1,14.3,0,0.0,0.0,53.1
2025-11-30 01:30:00+00:00,10.7,0,10.1,10.9,14.7,0,0.0,0.0,53.6
2025-11-30 02:00:00+00:00,10.7,0,8.8,12.4,15.0,0,0.0,0.0,53.2
2025-11-30 02:30:00+00:00,11.0,0,7.6,12.6,15.1,0,0.0,0.0,53.6
2025-11-30 03:00:00+00:00,11.2,0,7.5,12.7,15.5,0,0.0,0.0,53.1
2025-11-30 03:30:00+00:00,11.6,0,7.4,11.8,15.5,0,0.0,0.0,53.8
2025-11-30 04:00:00+00:00,11.3,0,8.5,11.1,15.6,0,0.0,0.0,53.6
2025-11-30 04:30:00+00:00,11.4,0,8.7,11.7,15.6,0,0.0,0.0,52.6
2025-11-30 05:00:00+00:00,11.0,0,8.8,14.3,15.4,0,0.0,0.0,50.5
2025-11-30 05:30:00+00:00,11.5,0,9.3,16.1,15.3,0,0.0,0.0,47.8
2025-11-30 06:00:00+00:00,11.5,0,9.7,19.2,15.1,0,0.0,0.0,44.5
2025-11-30 06:30:00+00:00,11.6,0,9.1,21.5,14.7,0,0.0,0.0,43.0
2025-11-30 07:00:00+00:00,11.2,0,9.7,23.0,14.6,0,0.0,0.0,41.4
2025-11-30 07:30:00+00:00,11.1,0,10.2,25.6,14.3,0,0.0,0.2,38.7
2025-11-30 08:00:00+00:00,11.3,0,11.5,24.4,14.2,0,0.0,1.1,37.5
2025-11-30 08:30:00+00:00,10.2,0,10.4,31.5,13.4,0,0.0,2.4,32.1
2025-11-30 09:00:00+00:00,9.6,0,10.4,34.3,12.7,0,0.0,4.2,28.9
2025-11-30 09:30:00+00:00,9.6,0,11.5,33.0,12.4,0,0.0,6.3,27.1
2025-11-30 10:00:00+00:00,9.2,0,11.4,35.3,12.2,0,0.0,7.8,24.1
2025-11-30 10:30:00+00:00,9.3,0,10.6,35.9,11.9,0,0.0,9.5,22.8
2025-11-30 11:00:00+00:00,9.4,0,10.9,35.3,11.8,0,0.0,10.9,21.8
2025-11-30 11:30:00+00:00,9.0,0,11.2,36.8,11.8,0,0.0,11.3,19.9
2025-11-30 12:00:00+00:00,9.4,0,10.7,36.7,11.8,0,0.0,12.0,19.4
2025-11-30 12:30:00+00:00,9.0,0,10.6,38.9,11.7,0,0.0,11.6,18.1
2025-11-30 13:00:00+00:00,9.4,0,11.0,39.9,11.8,0,0.0,10.7,17.2
2025-11-30 13:30:00+00:00,8.9,0,11.3,43.4,11.9,0,0.0,8.8,15.6
2025-11-30 14:00:00+00:00,9.4,0,11.5,44.2,11.8,0,0.0,7.3,15.7
2025-11-30 14:30:00+00:00,9.2,0,10.5,48.5,11.8,0,0.0,5.2,14.8
2025-11-30 15:00:00+00:00,8.9,0,9.7,51.9,11.7,0,0.0,3.2,14.7
2025-11-30 15:30:00+00:00,8.8,0,10.9,52.3,11.6,0,0.0,1.5,14.8
2025-11-30 16:00:00+00:00,8.9,0,10.7,52.6,11.5,0,0.0,0.5,15.8
2025-11-30 16:30:00+00:00,8.9,0,10.3,52.6,11.3,0,0.0,0.0,16.8
2025-11-30 17:00:00+00:00,9.0,0,9.5,52.1,11.3,0,0.0,0.0,18.1
2025-11-30 17:30:00+00:00,8.8,0,10.0,51.1,11.3,0,0.0,0.0,18.9
2025-11-30 18:00:00+00:00,8.8,0,9.5,50.1,11.3,0,0.0,0.0,20.3
2025-11-30 18:30:00+00:00,8.7,0,9.3,49.2,11.2,0,0.0,0.0,21.6
2025-11-30 19:00:00+00:00,8.4,0,9.9,47.9,11.3,0,0.0,0.0,22.5
2025-11-30 19:30:00+00:00,8.5,0,10.2,45.7,11.3,0,0.0,0.0,24.3
2025-11-30 20:00:00+00:00,8.4,0,10.5,43.3,11.4,0,0.0,0.0,26.4
2025-11-30 20:30:00+00:00,8.5,0,10.4,40.3,11.7,0,0.0,0.0,29.1
2025-11-30 21:00:00+00:00,8.8,0,11.6,34.5,12.0,0,0.0,0.0,33.0
2025-11-30 21:30:00+00:00,9.3,0,12.8,27.9,12.5,0,0.0,0.0,37.4
2025-11-30 22:00:00+00:00,9.7,0,12.8,23.1,12.9,0,0.0,0.0,41.4
2025-11-30 22:30:00+00:00,9.5,0,13.0,20.6,13.3,0,0.0,0.0,43.5
2025-11-30 23:00:00+00:00,9.3,0,12.7,18.5,13.6,0,0.0,0.0,46.0
